Day,Time,Place,Type,Course ID
Ср,8,241052,сем,1158
Ср,5,211935,лаб,1839
Вт,10,200532,лаб,1294
Пт,1,60623,сем,1201
Чт,4,180507,сем,597
Ср,1,120923,лек,130
Вт,3,181962,сем,1918
Пн,6,110457,лаб,366
Вс,1,211666,сем,429
Ср,1,20140,лаб,1975
Ср,8,240781,сем,63
Вт,10,21260,лек,277
Пн,6,290604,лек,1572
Вс,5,280935,лаб,1691
Сб,1,251547,сем,1525
Ср,3,20922,сем,1756
Ср,5,141637,сем,1161
Ср,8,140387,лаб,345
Пн,3,10572,лек,164
Сб,5,70177,лек,753
Вт,9,220916,сем,858
Вт,8,40527,лек,156
Сб,6,191021,сем,1678
Пн,9,60727,лек,1256
Чт,9,161539,лек,1389
Чт,2,290164,сем,998
Вт,5,80407,лаб,1757
Ср,10,181549,сем,1735
Пн,2,280549,сем,537
Вт,3,151925,лек,1799
Сб,6,101866,лек,1911
Пн,7,62042,лек,235
Пн,1,11823,лаб,1773
Сб,2,221040,лек,1141
Пн,10,181079,лек,938
Чт,10,241637,сем,1787
Пт,9,201376,лаб,731
Вс,7,40241,лаб,740
Пт,9,81433,лаб,1541
Вт,5,10461,сем,689
Сб,10,61702,лек,155
Вт,9,111151,лек,599
Пн,8,191587,сем,465
Вс,9,111305,лаб,524
Пт,4,132004,лаб,1305
Чт,4,210712,лек,1236
Пн,1,270920,сем,1231
Ср,4,270830,сем,1196
Сб,2,151153,лаб,539
Сб,10,150447,лек,1427
Сб,5,210112,лаб,776
Сб,2,221430,лек,1621
Вс,5,270988,сем,1553
Ср,3,170940,лаб,695
Вс,3,240387,сем,361
Чт,9,260474,лек,1160
Пт,3,231885,лаб,1431
Ср,7,50502,сем,241
Ср,6,301603,лек,786
Ср,1,290448,лек,729
Сб,3,140656,лек,335
Сб,7,101390,лек,271
Пн,3,230603,лаб,1198
Пн,6,200769,лек,1774
Вт,8,260358,лаб,1973
Пн,7,211771,лек,796
Пт,10,90402,сем,1107
Пн,2,21647,лаб,1043
Пн,3,240447,лек,1672
Вт,2,290577,сем,1449
Пт,10,112080,лаб,166
Сб,4,261080,сем,987
Вс,2,60861,лаб,1521
Чт,5,191749,сем,1708
Ср,5,101649,сем,438
Сб,1,270936,лаб,727
Сб,6,11241,лаб,1025
Пн,5,110421,лек,619
Вт,8,121838,сем,657
Пн,3,240902,лаб,1972
Ср,7,210782,лек,1574
Ср,4,80569,лаб,745
Чт,2,110433,лаб,892
Вс,10,111370,лаб,1492
Чт,6,160410,сем,179
Вс,8,61643,лаб,215
Вт,9,230390,сем,1699
Пт,2,50409,лек,1497
Ср,2,100463,сем,1107
Пт,1,11250,сем,488
Ср,2,291107,лаб,1353
Сб,1,61762,лаб,1577
Вт,5,101662,лаб,1164
Ср,8,40735,лаб,1609
Ср,9,71975,лек,912
Вс,4,210913,лаб,1329
Чт,6,190371,лаб,1803
Ср,4,70215,сем,943
Чт,4,171777,лек,674
Пт,6,51476,лек,1873
Ср,1,21485,лек,1739
Вс,1,11359,лаб,1922
Пн,8,150843,лаб,163
Чт,3,261652,лек,807
Пт,7,170179,сем,1664
Ср,4,51467,лаб,1357
Ср,6,161505,сем,1180
Чт,3,160101,лаб,1172
Вт,8,211922,лаб,1080
Вт,2,191340,лек,369
Пн,8,21223,сем,1254
Ср,8,170346,лаб,737
Чт,6,130221,сем,455
Ср,1,31168,сем,803
Чт,7,191190,лаб,323
Чт,6,291418,сем,506
Вт,10,241233,лаб,712
Чт,2,21049,лаб,683
Чт,3,261646,сем,684
Чт,7,200375,сем,13
Ср,9,172074,лек,1180
Ср,9,131532,лаб,1323
Вт,7,191036,лаб,146
Вс,2,230372,лек,1991
Чт,8,221447,лаб,701
Пн,8,121724,сем,127
Сб,5,290307,сем,824
Вс,8,260166,сем,1430
Пн,8,241749,лек,698
Чт,9,211987,лек,1520
Вт,5,50327,сем,846
Пн,8,281510,сем,1595
Вт,4,300880,лек,1957
Ср,5,190779,лаб,1820
Вт,10,281510,лаб,205
Пн,8,131575,сем,1595
Пн,10,190756,сем,434
Ср,7,22038,лек,1461
Чт,6,201613,лаб,1711
Пт,2,121730,сем,376
Вс,5,20776,сем,929
Вс,10,190181,лек,150
Пн,5,230162,лек,971
Вс,10,51182,лек,1980
Пн,8,280904,лаб,1941
Вт,8,231810,сем,811
Сб,2,211767,лек,1860
Сб,3,300729,лек,1856
Сб,2,270502,лек,1504
Вс,2,140442,лек,710
Ср,8,300539,лаб,524
Пт,10,231814,лаб,851
Чт,3,250364,лаб,1285
Пт,5,100308,лек,50
Сб,6,120166,сем,1762
Ср,7,140277,лек,206
Пт,4,110177,лек,842
Ср,1,241060,лек,1906
Пн,4,90969,лаб,570
Сб,6,41374,сем,322
Вт,5,82012,лек,1450
Вс,2,140306,лек,27
Вс,6,220759,сем,290
Ср,5,270768,лек,1005
Чт,10,111670,лаб,205
Пт,9,250882,лаб,1783
Ср,6,190908,лаб,967
Пт,2,122035,лек,336
Вт,1,200967,лек,1863
Пт,8,220971,сем,50
Чт,8,91387,сем,1912
Чт,8,231379,сем,1803
Ср,2,150989,сем,1087
Сб,10,21857,лаб,1896
Пн,1,111080,сем,1728
Сб,6,300139,лаб,1859
Ср,10,220333,лек,1490
Чт,2,191652,лаб,350
Вс,9,171475,сем,1774
Вс,4,120638,лаб,1315
Пт,6,31722,лаб,1965
Сб,5,181548,сем,1927
Пн,7,70216,лаб,120
Пт,9,30624,лаб,1041
Пн,5,100141,лаб,1305
Пт,3,122033,сем,991
Вс,8,171259,лаб,1553
Сб,4,290184,лек,1766
Сб,4,230369,лек,278
Чт,6,60728,лаб,1504
Чт,2,70923,лек,1545
Пт,4,160522,лаб,784
Сб,9,180828,лек,1769
Чт,8,121589,лек,76
Вс,1,130363,лек,1091
Пн,3,41527,лаб,1651
Пт,3,210437,лек,693
Вс,1,230225,лек,144
Ср,9,240183,лаб,771
Сб,2,220883,лаб,1232
Ср,8,101583,лаб,111
Вс,10,261430,сем,1693
Пт,1,170227,сем,817
Вт,5,142061,лаб,1111
Вт,8,130660,лек,1431
Пн,6,291470,сем,1078
Вт,4,190928,сем,1074
Ср,1,280340,лек,725
Пт,8,261966,лаб,709
Вт,9,40739,лек,1341
Ср,4,210207,лек,566
Чт,7,91183,лек,733
Пт,2,70436,лек,310
Ср,7,211112,сем,1947
Чт,3,200664,лаб,94
Чт,6,81677,сем,216
Пн,7,131636,сем,1624
Пт,7,230821,лек,447
Чт,1,271071,лаб,89
Чт,4,230517,лек,1207
Вт,3,221624,сем,1289
Чт,10,171482,лаб,1265
Чт,10,30946,лек,1304
Пт,5,151201,лек,938
Пт,8,41753,сем,869
Пт,6,241111,лаб,862
Вт,7,212038,лаб,1062
Вт,7,91440,лаб,367
Вт,6,291979,сем,671
Сб,7,140630,лек,594
Пн,10,150648,лек,1383
Вт,1,20206,лаб,1458
Чт,5,101234,сем,1480
Чт,10,180608,лек,1484
Чт,4,250961,лаб,1607
Ср,10,271689,лек,899
Чт,8,110646,сем,812
Пт,7,72011,лек,1782
Вт,8,141630,лаб,463
Сб,6,40680,лек,18
Ср,8,11186,лаб,1064
Сб,5,140506,лек,802
Пн,2,111326,сем,1251
Пн,8,281058,лек,480
Вт,6,210547,лаб,554
Ср,9,141352,лаб,877
Чт,9,41435,сем,1493
Вт,5,281482,лек,712
Пн,7,260854,сем,638
Пн,6,81803,сем,909
Чт,4,21565,лаб,940
Пт,7,51661,лаб,391
Пн,8,51749,лек,150
Чт,4,91815,лек,248
Вт,1,180165,лаб,474
Пт,10,170969,лаб,1820
Пт,7,32082,лек,1658
Ср,4,30820,сем,1376
Вс,5,131827,лаб,1303
Пн,7,220560,лек,1901
Ср,10,231503,лаб,513
Вт,5,201517,лаб,1729
Пт,8,262085,лаб,142
Вт,7,20944,сем,990
Сб,8,120832,лек,95
Сб,9,210561,лаб,564
Чт,7,91571,сем,1764
Чт,4,251755,лаб,1979
Пт,8,30624,лаб,1959
Чт,2,231765,лаб,1760
Сб,6,191210,лаб,315
Пт,7,11015,сем,137
Ср,4,181157,лек,1716
Сб,5,280154,лаб,1736
Вс,3,11969,лаб,843
Пн,2,272078,лек,1305
Чт,1,242008,сем,542
Вт,8,51325,сем,1451
Вт,3,62036,лек,147
Пн,5,271920,сем,159
Сб,4,22076,лек,1104
Вт,10,160527,сем,1641
Сб,8,100412,сем,1117
Ср,9,300543,лек,289
Вт,8,251834,сем,605
Ср,5,41937,сем,216
Чт,1,151327,сем,1799
Пн,2,20271,лаб,632
Вт,3,280735,лек,173
Вс,2,181550,лаб,1232
Пн,5,40131,лаб,764
Сб,2,272001,лек,815
Сб,6,240442,лаб,132
Сб,8,220409,лек,1335
Пт,8,181107,лек,1930
Пн,2,130243,лек,1115
Сб,9,200385,лаб,1040
Пн,9,200166,сем,1419
Ср,4,110681,лаб,1374
Пн,10,90213,сем,382
Пт,2,160511,сем,408
Сб,10,111465,сем,297
Вт,4,142025,лек,1408
Вс,2,200562,сем,1384
Чт,6,280988,лаб,1799
Вт,5,171773,сем,1449
Ср,8,280138,сем,1338
Ср,7,241608,лаб,1859
Ср,4,201422,лаб,1444
Ср,4,210519,лек,494
Пн,5,20552,сем,705
Пт,9,301576,сем,131
Чт,1,220912,сем,1688
Чт,3,190813,лек,140
Вс,9,80980,лаб,633
Пн,8,291008,лаб,1576
Сб,3,280535,лек,739
Вт,1,211774,лаб,1208
Вс,10,61183,лек,561
Вс,1,291434,лек,1148
Пт,2,31118,лек,1947
Ср,4,260484,лаб,1095
Вс,7,50967,сем,1343
Вс,2,130582,сем,1949
Сб,1,271790,лаб,695
Пт,8,160562,сем,718
Пн,2,212026,лек,1166
Ср,2,10142,лаб,589
Вт,1,190142,лек,66
Пт,9,220290,сем,1136
Сб,4,301201,лаб,1952
Пн,10,131348,сем,814
Ср,4,121941,лек,917
Пт,4,80764,лаб,322
Вс,1,171580,лек,722
Вс,2,101009,лек,1367
Сб,3,290628,лек,112
Чт,5,250911,лаб,338
Пт,9,30638,лек,851
Чт,4,251945,сем,1144
Ср,8,40284,лаб,1040
Вс,9,131387,лаб,834
Пт,3,50759,лаб,1164
Вс,8,121439,лаб,381
Чт,9,170808,лаб,33
Вс,9,31966,лек,176
Пн,4,171524,лек,885
Чт,5,81704,лаб,1658
Вт,6,172034,лаб,480
Ср,2,80790,лек,1134
Ср,10,281472,сем,1182
Пн,9,71070,лек,1187
Пт,1,131963,лек,803
Пн,4,250160,сем,1622
Пт,5,20253,лек,994
Чт,10,81301,лек,201
Чт,4,100915,сем,1108
Вс,9,170318,лек,917
Чт,6,282052,сем,1128
Вс,3,20941,лек,1120
Вс,5,71807,сем,1233
Вт,10,71759,сем,1084
Пн,10,281076,лаб,526
Ср,3,80578,сем,199
Чт,1,130183,лаб,1257
Сб,8,270918,лаб,287
Вс,3,61204,лаб,125
Пт,6,180935,сем,1697
Сб,2,210618,лаб,1405
Чт,5,261186,сем,1612
Ср,8,291542,сем,985
Чт,1,240416,лаб,1835
Чт,7,21463,лаб,1702
Ср,10,20966,лек,500
Пт,10,261901,лаб,1317
Сб,4,20918,сем,1353
Ср,10,190454,сем,695
Ср,9,50141,лек,1702
Пн,10,231110,лаб,1794
Вт,6,181064,сем,1415
Вт,2,121181,лаб,941
Чт,2,81351,лек,1618
Ср,1,240960,сем,715
Сб,9,111107,лаб,1857
Пт,5,291806,лек,1520
Ср,6,271311,сем,1194
Вт,5,110351,лаб,294
Пт,9,241921,сем,818
Вт,8,220661,сем,1265
Вс,5,251090,лаб,1174
Сб,2,210478,лек,499
Пн,3,260219,лаб,482
Пт,6,110181,сем,986
Ср,8,200438,лаб,565
Пт,5,111262,лаб,668
Чт,1,190462,лаб,823
Вс,9,191150,лек,622
Вс,10,92083,сем,583
Сб,2,270656,лек,1815
Вс,9,190805,сем,132
Пт,2,112039,лаб,1426
Чт,3,121640,лаб,113
Вт,1,161656,сем,1894
Вт,10,260616,лек,1931
Сб,6,100408,лек,772
Вт,1,190481,сем,734
Вс,9,120255,лек,1243
Вт,3,182079,сем,841
Чт,7,80372,сем,503
Пт,7,270440,лек,314
Пт,4,140790,лаб,136
Ср,10,281327,сем,1659
Ср,9,41652,лаб,1899
Сб,5,191432,лаб,701
Чт,1,190323,лаб,1023
Вс,2,90404,лаб,1883
Пт,2,161314,лек,1265
Чт,2,190378,лек,1417
Пт,3,271863,сем,1679
Сб,6,301653,лек,1962
Вт,8,120277,лаб,1487
Ср,7,51431,лаб,1049
Пн,3,120168,лек,4
Пн,4,11529,лек,1159
Вс,3,121920,сем,931
Чт,10,290421,сем,1860
Ср,6,61677,лаб,625
Пт,3,290777,лек,1359
Вс,5,51807,сем,1716
Пн,4,170663,лек,47
Пт,2,240655,лек,1085
Сб,5,161182,лаб,122
Ср,3,31441,лек,101
Пн,6,190225,лек,227
Пт,1,260115,лаб,1625
Ср,7,71519,сем,605
Ср,2,71834,сем,859
Сб,3,21672,сем,614
Чт,10,70830,лаб,1201
Вт,7,51305,лаб,1466
Вс,9,171625,сем,1588
Вт,7,72054,сем,846
Пн,9,160983,сем,797
Пн,2,101463,лаб,1286
Пн,3,130615,лаб,89
Ср,4,22056,сем,1242
Чт,1,240976,лек,1129
Ср,4,101643,сем,365
Пн,5,110914,лаб,394
Сб,7,170586,лек,721
Пт,4,150316,лек,1131
Пн,3,131759,сем,974
Сб,10,272080,лаб,100
Чт,1,241682,лаб,1841
Вс,10,130940,лаб,1275
Чт,4,291818,лек,210
Вс,1,270624,лек,548
Пт,8,91447,лек,1406
Пн,2,150755,лек,37
Чт,10,30541,лаб,296
Вт,5,190584,лаб,1237
Чт,7,81033,сем,1690
Сб,2,260508,лек,892
Вт,3,190325,сем,199
Чт,10,50776,лаб,818
Вс,3,60816,сем,1311
Чт,2,101823,сем,692
Сб,10,161512,лаб,1311
Чт,1,21044,сем,441
Ср,5,102066,лек,509
Пн,1,190610,лаб,454
Ср,10,231782,лаб,260
Вс,4,280509,сем,1793
Чт,9,231517,лек,1893
Вт,1,60413,лек,177
Сб,2,160607,сем,1364
Сб,3,80320,сем,231
Вт,1,171629,лек,1786
Вт,6,170120,сем,126
Пн,8,281371,лаб,843
Чт,10,161515,лек,526
Вс,10,190144,лаб,1142
Пт,3,230443,лек,664
Вс,9,252012,сем,1278
Пн,6,81813,лек,444
Чт,5,212007,сем,1529
Пн,2,271816,лаб,367
Вт,9,190656,лек,126
Сб,4,100771,лек,737
Пн,2,41131,сем,635
Пт,1,180406,лаб,1453
Сб,8,120535,лаб,1697
Вт,3,160764,лаб,1769
Сб,9,240256,сем,260
Вс,8,221263,сем,1343
Ср,5,151674,лаб,1649
Ср,3,90863,сем,489
Чт,9,121744,лаб,1572
Вт,7,20415,сем,883
Вт,3,300486,лаб,208
Чт,10,110531,лек,114
Пт,8,21552,сем,1399
Чт,8,280378,лаб,1104
Пн,1,31751,лек,1415
Пт,4,71470,лек,1305
Ср,5,151372,сем,1496
Пт,1,71516,лек,796
Чт,7,111610,лаб,209
Вс,4,271272,лек,1461
Пн,9,40963,лаб,798
Вт,8,290579,лаб,130
Вс,7,10116,сем,1049
Пн,6,291855,лек,942
Вс,1,230621,лаб,678
Сб,7,131152,лек,975
Вт,7,180288,лек,63
Сб,2,130207,сем,1866
Сб,3,260728,лек,1419
Сб,2,90523,лек,1065
Пт,8,61943,лек,70
Пн,2,160464,лаб,1299
Пн,6,191536,лаб,1912
Пт,3,11307,лек,27
Пт,7,111309,лаб,19
Вт,4,91070,лек,85
Ср,1,90466,сем,397
Вс,2,200844,лаб,1294
Пн,5,210376,лаб,547
Пт,4,151852,лаб,920
Сб,4,151407,лек,1306
Сб,10,301042,лек,877
Чт,5,290931,лек,1967
Ср,9,192010,сем,39
Вт,7,70501,лек,279
Вс,5,281077,лек,856
Вт,8,121405,лек,1117
Вс,7,111651,сем,473
Пт,9,81045,сем,980
Пн,1,52027,сем,1462
Пт,5,11981,лек,722
Вс,4,240246,лек,1995
Чт,6,242067,лек,954
Вт,5,171851,лек,791
Пн,6,271510,сем,1780
Пт,5,170284,лаб,1542
Пт,9,111917,лек,639
Пт,2,241073,лаб,87
Чт,4,231779,лек,769
Пт,6,302013,лаб,648
Ср,8,71590,лаб,911
Чт,1,211681,сем,971
Ср,4,280527,лаб,1402
Сб,2,71541,лек,1179
Пт,8,120205,сем,1383
Вс,7,130709,сем,378
Чт,5,260825,лек,1738
Чт,3,181541,сем,1986
Чт,4,12019,сем,996
Пн,1,20229,лек,432
Сб,4,120175,лек,1945
Вс,8,210631,сем,457
Пт,8,82056,сем,859
Сб,8,40377,лаб,1618
Ср,4,81035,лаб,1136
Пн,5,41551,сем,1468
Ср,7,200225,лек,818
Пт,1,111588,лек,1147
Пт,4,120666,сем,1098
Пн,9,260847,сем,1074
Пн,2,191485,лек,1025
Пт,10,11944,сем,1741
Чт,2,221162,лаб,1074
Пн,4,11141,сем,424
Ср,3,111880,лек,1826
Вт,9,81174,лаб,562
Сб,7,40918,лек,1376
Ср,6,231430,лек,1593
Ср,1,211940,лаб,761
Сб,2,181723,лек,1619
Пт,2,181675,лек,56
Чт,1,300274,лаб,794
Вс,8,50434,лаб,451
Пт,10,210924,лаб,228
Вс,4,150384,лаб,1101
Пт,7,291806,лек,834
Вс,7,211006,лаб,1402
Сб,8,270814,сем,1614
Пт,5,281415,лаб,1147
Чт,3,171721,сем,676
Вс,3,71131,лек,368
Пн,8,130520,сем,1990
Вс,3,130438,лаб,1013
Вс,4,170115,сем,930
Пт,6,31779,лаб,379
Вт,6,151460,лаб,1312
Вс,4,150427,сем,1486
Вс,5,150323,сем,1525
Сб,10,191131,лаб,1444
Ср,8,150353,лек,1641
Чт,9,202009,лек,1178
Вс,4,220889,сем,83
Сб,9,280426,лаб,1289
Чт,2,71673,лаб,793
Пт,8,40134,лек,96
Вс,2,50958,лек,1589
Вс,4,152021,лаб,1616
Вс,6,110681,лаб,378
Пн,6,130737,лаб,1133
Пт,8,50980,лаб,123
Сб,4,251773,лаб,1370
Вт,10,190690,лаб,275
Вт,1,221954,лек,1992
Ср,9,170101,лаб,1076
Вт,1,151118,сем,395
Вт,10,111749,сем,647
Вт,8,230246,лек,574
Сб,4,10231,сем,1518
Ср,9,230404,лаб,163
Ср,5,210473,лаб,1117
Пт,3,230449,лаб,654
Вт,8,260674,сем,689
Ср,5,241556,лек,1640
Пн,4,250385,лек,151
Чт,8,251762,сем,554
Пт,2,260614,лек,327
Пн,7,90412,сем,1215
Чт,5,101022,лаб,758
Пт,5,70409,лек,1052
Пт,8,11881,лек,946
Сб,6,190324,сем,832
Вт,7,91931,лаб,1064
Ср,6,60930,сем,609
Ср,6,30843,сем,1866
Сб,4,231361,сем,1484
Сб,1,291169,лек,399
Вт,9,70573,сем,167
Чт,2,201709,сем,1535
Ср,3,191858,лаб,234
Пн,5,170479,сем,1124
Ср,3,70915,лек,386
Вс,3,30665,сем,1970
Ср,3,81028,лаб,211
Вс,7,51854,лек,1988
Сб,2,40127,сем,296
Чт,9,151448,сем,1693
Вс,3,180683,лек,1103
Сб,8,270921,лаб,440
Вт,6,200448,сем,1652
Сб,4,231728,лек,902
Чт,10,280748,сем,856
Пт,6,71177,лаб,1856
Пт,3,181268,сем,1001
Вс,9,231920,сем,546
Сб,4,81882,лек,664
Ср,3,121308,лаб,1377
Ср,5,291882,лек,893
Вт,9,220351,сем,1488
Вс,8,291548,лек,1552
Ср,1,41173,сем,1953
Вс,8,150445,лек,104
Пт,4,250167,лаб,116
Чт,2,191789,лек,818
Пн,2,31165,лаб,1290
Сб,9,110366,сем,174
Вт,1,230540,сем,1291
Пн,4,300961,сем,951
Ср,7,201843,сем,1042
Пт,8,141932,лек,1686
Ср,2,291636,лаб,1902
Пн,3,111533,лаб,1643
Сб,8,60186,лаб,734
Пт,8,41735,сем,733
Ср,9,241008,сем,1656
Ср,4,301609,сем,730
Сб,9,230263,лаб,1189
Сб,6,131027,лек,1459
Сб,6,300518,лаб,1576
Ср,7,130325,сем,324
Пн,6,210430,лаб,1187
Пн,5,300219,лаб,165
Сб,9,90680,лек,1880
Пт,2,301109,лек,1270
Ср,5,10406,лек,1562
Ср,2,260414,сем,1440
Пт,7,191501,сем,914
Пн,4,211339,сем,1692
Ср,1,150201,лек,118
Сб,9,291563,лаб,1196
Сб,5,200635,сем,153
Сб,10,260406,лек,1858
Пн,1,71640,лек,768
Вс,5,261164,лаб,1754
Чт,10,291584,лаб,128
Чт,3,271502,сем,1176
Пт,5,140180,сем,161
Ср,4,100789,сем,1649
Вс,10,60404,лек,823
Ср,3,121786,сем,1230
Вс,3,150442,сем,1546
Ср,4,201513,сем,514
Сб,6,261203,лек,1862
Пн,9,240670,лаб,349
Ср,10,281128,лаб,1588
Пн,3,240669,лаб,1263
Ср,5,181968,сем,380
Ср,7,251573,лаб,1202
Пн,1,171120,сем,1176
Вс,7,10906,лаб,1324
Сб,2,60354,сем,89
Пн,5,91102,сем,1673
Чт,5,211923,лаб,1972
Чт,9,10953,лаб,1631
Чт,10,40958,сем,901
Пт,1,10207,сем,889
Пт,1,50689,сем,303
Ср,6,131028,лек,185
Пт,3,271954,сем,1973
Пн,1,170277,сем,782
Вс,9,131876,сем,1988
Чт,7,11626,лаб,751
Вс,1,250417,лаб,641
Вс,8,300201,сем,792
Пн,5,291969,сем,364
Ср,3,131261,сем,684
Чт,2,61873,лек,1445
Чт,9,31021,лаб,1269
Ср,3,20354,лаб,1332
Чт,6,230406,сем,1280
Ср,6,170366,сем,1561
Пн,3,272042,лаб,13
Пт,7,92021,лек,17
Ср,9,120989,лаб,1285
Сб,6,80650,лек,559
Вс,3,260260,лаб,144
Чт,4,291549,лек,143
Чт,8,72060,сем,506
Вс,2,11713,сем,1520
Вт,2,220139,лаб,252
Вт,3,40375,сем,1068
Ср,2,81990,лек,965
Пт,10,181831,лек,13
Вт,9,281333,сем,1665
Ср,1,282039,лек,1375
Вс,6,60772,лаб,611
Вс,10,141427,лек,1587
Пт,3,111464,сем,1736
Чт,3,71550,лаб,551
Сб,6,121526,сем,1439
Пн,4,141359,лаб,905
Вс,4,101013,лаб,438
Чт,3,140935,лек,460
Пн,9,261816,лаб,1342
Вс,10,21777,лаб,428
Пт,1,110571,сем,326
Пт,2,300803,лек,1812
Сб,4,271575,лек,501
Пн,7,90334,лек,1596
Вс,1,211850,лаб,445
Сб,7,221484,лаб,1096
Пн,5,101568,лек,1072
Пн,2,280837,лаб,1718
Пн,4,290460,сем,723
Вт,9,160239,лаб,1964
Вс,6,301288,лаб,220
Чт,10,51124,лек,1447
Сб,1,191842,лаб,269
Вт,6,130435,сем,596
Сб,6,230146,лаб,484
Чт,2,60121,сем,1781
Пн,5,152042,лаб,1095
Вт,3,291804,сем,229
Вс,1,200219,лаб,1286
Вт,10,150210,лаб,1822
Вс,8,61850,сем,1954
Пн,6,110878,сем,1702
Ср,3,170179,сем,369
Чт,7,10201,лаб,1016
Пн,6,260187,сем,1850
Вс,2,180983,сем,740
Вс,4,71276,сем,1346
Чт,3,201650,лек,1678
Чт,1,141082,сем,1627
Вт,6,10688,лек,392
Вс,2,30382,лек,1471
Ср,5,280139,лаб,670
Пн,8,30812,сем,557
Пн,10,81668,сем,434
Вс,9,300626,лаб,601
Ср,2,251172,сем,442
Ср,8,270945,лек,403
Чт,6,151951,лек,57
Чт,8,50583,лек,1360
Чт,8,251314,сем,337
Пн,7,21080,сем,604
Ср,2,30166,лек,1177
Чт,4,11712,лаб,1684
Пт,1,31753,лаб,1941
Чт,9,130355,лаб,733
Пн,8,200428,лаб,396
Сб,5,50264,лаб,1328
Пн,2,220940,сем,1372
Пт,2,281787,лаб,342
Сб,4,160472,лаб,1536
Сб,7,21753,лек,1539
Сб,1,30840,лаб,1085
Ср,9,62001,сем,1638
Вт,2,210714,сем,1994
Вт,2,182015,лаб,480
Вс,10,50526,сем,1917
Пт,9,181087,лаб,59
Ср,3,101711,сем,599
Пт,3,161166,сем,913
Пт,4,160538,сем,139
Пт,1,31426,сем,694
Вт,4,130120,сем,429
Сб,9,240549,лек,638
Сб,2,301036,лек,1470
Вт,5,200333,сем,877
Пн,5,191765,лек,302
Пт,9,41533,лаб,1810
Пн,6,140768,сем,1680
Пн,1,170237,лек,1727
Вт,10,121135,лек,1660
Вс,10,201407,лаб,1303
Чт,7,11834,лаб,206
Вт,9,100559,лаб,1109
Чт,8,21065,лаб,111
Вс,2,231727,сем,770
Чт,1,250840,лек,47
Пн,9,231750,лаб,175
Вт,5,300951,лаб,328
Чт,1,122083,сем,434
Сб,5,130309,сем,418
Пт,4,90178,сем,893
Вс,7,271272,лек,1052
Вт,6,140777,лек,138
Пн,10,270382,лаб,932
Сб,5,71940,лаб,662
Сб,4,111666,лек,1015
Чт,4,31684,сем,1217
Вс,3,301227,лаб,735
Сб,8,130262,сем,958
Чт,6,181689,сем,540
Пн,6,120178,лек,1012
Ср,2,80136,лаб,1886
Вт,10,292045,лаб,794
Пн,8,230125,сем,1616
Пт,5,41837,лек,829
Ср,5,130717,сем,267
Вт,7,21607,сем,296
Вт,7,251637,лек,1348
Пт,5,270423,сем,1650
Вс,9,91983,лаб,545
Сб,6,272042,лек,495
Пт,5,140666,лаб,641
Вс,8,11588,сем,320
Ср,5,241833,сем,1506
Вс,6,131159,сем,1218
Пт,10,151948,лек,1335
Пн,4,120639,лек,1130
Чт,4,251944,лек,1927
Пт,8,70151,лек,1708
Вт,5,261945,сем,1464
Ср,10,81069,лаб,1165
Пт,1,10180,лек,884
Ср,2,51970,лек,1939
Чт,2,181071,лек,346
Чт,9,100474,сем,703
Вс,9,100879,лек,969
Чт,6,161085,лаб,490
Пн,10,31935,лек,64
Чт,5,181542,лек,691
Сб,2,20617,лаб,1534
Пн,1,231920,лек,1581
Вс,5,220449,лек,793
Ср,6,280288,лаб,33
Сб,2,62065,лаб,816
Пн,9,180570,сем,1894
Ср,9,180661,лек,1786
Ср,6,171250,сем,1586
Чт,3,242060,сем,1360
Ср,8,240124,сем,627
Вт,6,41008,лаб,90
Сб,5,11270,лаб,521
Пн,4,21505,лаб,1438
Пт,1,111863,лаб,376
Чт,8,61170,сем,1746
Пн,6,250418,сем,863
Пн,3,111734,лек,849
Пт,1,190959,лаб,1758
Пт,5,31323,лаб,621
Ср,5,11424,лаб,713
Чт,3,300750,лаб,935
Пт,4,90711,лек,202
Вс,8,101564,лаб,598
Сб,4,192035,лек,1016
Сб,3,141448,сем,214
Пт,2,10549,лек,729
Сб,4,30560,лаб,1066
Пт,7,201166,сем,137
Вс,7,181675,сем,138
Сб,5,251073,лек,779
Пт,2,71811,лек,518
Чт,3,51635,лек,536
Вт,8,161757,сем,1321
Вс,3,140265,сем,1898
Ср,8,10333,сем,973
Пт,8,121330,лаб,1549
Вт,10,140734,лек,125
Вт,5,121186,лаб,1490
Чт,10,21841,сем,1675
Чт,2,150874,сем,1076
Чт,2,191920,лаб,353
Вс,4,220744,лек,1689
Ср,5,131684,лек,1910
Пн,1,110612,лаб,604
Вс,5,271634,лек,1939
Пт,10,210953,лек,887
Ср,7,161715,лаб,927
Сб,3,230558,сем,1514
Пн,10,300117,сем,749
Чт,5,301251,лек,1792
Пн,5,70777,сем,24
Вс,4,241980,лек,1777
Вс,2,250433,сем,1190
Пн,2,251414,сем,303
Вс,1,71972,лек,1749
Ср,4,20321,лаб,1680
Ср,3,140904,сем,198
Чт,8,181822,лек,175
Вс,5,291978,лаб,921
Пт,4,280773,лаб,1992
Чт,3,221726,сем,1038
Вс,10,210440,сем,324
Вт,4,90252,сем,239
Ср,8,130677,лаб,654
Вт,5,171711,сем,1
Чт,8,81632,лек,382
Пт,4,190687,лек,1270
Вс,1,130904,лаб,619
Вс,8,11259,лек,140
Пт,1,210578,сем,447
Сб,5,240822,лек,1879
Сб,10,21767,лаб,688
Ср,2,141831,лаб,719
Ср,6,301573,лек,1119
Вт,7,30555,лек,1975
Вт,6,20357,лек,345
Пн,10,100566,лек,334
Вт,6,102043,сем,233
Ср,7,271667,лек,1853
Сб,7,151064,лаб,298
Сб,5,50870,лек,988
Ср,6,102017,лаб,1630
Пн,5,31805,лек,1274
Чт,2,71384,лек,1535
Пт,6,260158,сем,1659
Ср,2,270960,лаб,1824
Пт,2,21713,лек,408
Сб,2,60610,сем,1579
Ср,7,280977,сем,1037
Вт,8,271833,сем,342
Пн,7,30170,лаб,1709
Вс,6,240514,лек,473
Ср,4,280221,лаб,565
Пт,2,181567,лаб,240
Пт,7,31073,лек,1920
Пн,4,90664,лек,44
Вт,8,270185,лек,135
Сб,1,261974,лек,1895
Пт,5,150408,лек,1934
Вт,4,201447,сем,1280
Вт,5,251825,сем,1800
Вс,8,130723,сем,721
Сб,9,41916,лек,1553
Пт,9,41613,лаб,1304
Сб,1,240659,сем,584
Чт,2,21987,лек,608
Сб,10,131004,лаб,96
Вс,2,111039,лек,1526
Ср,6,130653,сем,1280
Пт,6,91731,сем,1253
Вс,9,100930,лаб,1940
Чт,7,70523,лаб,966
Ср,7,131503,лек,42
Пт,3,270160,лаб,1473
Пт,2,261339,лаб,1543
Пн,4,80515,лаб,1192
Сб,2,141430,сем,1028
Сб,2,220507,лек,1894
Чт,4,40376,лек,1341
Пн,2,51445,лек,285
Ср,6,211469,лаб,1058
Пн,6,71973,лек,1564
Вт,6,201214,сем,87
Пт,1,31451,лек,1724
Сб,4,221349,лек,656
Сб,8,91476,лек,1635
Ср,2,110314,лек,1869
Вт,10,132085,сем,1754
Пн,7,281306,сем,1300
Чт,1,160478,лек,616
Вс,6,82062,сем,864
Вс,4,201858,лаб,1827
Вс,7,41446,лек,146
Вт,1,191358,лаб,1263
Сб,4,160414,сем,538
Сб,9,190971,лек,1608
Сб,6,111152,лек,1917
Вс,8,210616,лек,1894
Вт,3,190307,лек,707
Пн,8,201608,лаб,1075
Сб,5,210749,сем,113
Сб,4,240469,лек,1516
Пт,8,140949,сем,1952
Вт,6,60264,лек,918
Пт,3,211432,лаб,519
Ср,8,150163,сем,1181
Ср,3,280167,лаб,707
Ср,5,280875,лек,1666
Чт,1,291389,сем,595
Пт,5,241677,лаб,1234
Вс,2,201348,лаб,1256
Пн,9,82003,сем,1242
Пн,9,241068,лаб,533
Пт,4,270671,лек,136
Пн,4,220548,лек,488
Сб,10,190428,сем,929
Вт,7,221235,лаб,1928
Пн,4,291987,лек,1384
Вс,4,270757,лек,1939
Пт,10,240633,лек,1797
Вс,1,201470,лаб,1581
Вт,10,72088,лаб,479
Пт,6,201032,лаб,837
Ср,1,41837,лек,253
Вс,5,110950,сем,1974
Пт,1,240173,лек,1405
Вс,1,141086,лек,1054
Сб,5,141246,лаб,15
Вт,4,151853,лек,327
Сб,9,71641,лек,436
Сб,8,230361,лек,862
Вс,5,180488,лаб,377
Ср,10,111143,лек,1102
Чт,5,80201,лаб,273
Чт,4,250346,лаб,1408
Чт,4,200663,лек,490
Вт,6,141621,лаб,155
Пн,7,140553,лаб,942
Чт,6,130565,лаб,16
Ср,5,100558,сем,1149
Чт,3,110213,лаб,1214
Пт,6,180433,лаб,395
Пн,3,180242,лаб,313
Сб,7,230171,лаб,1760
Пт,4,210544,лаб,1632
Вт,2,131832,лаб,1123
Пн,7,160786,сем,1426
Чт,7,281954,лек,304
Чт,5,210460,лек,1816
Сб,5,170339,лек,1030
Сб,7,181248,сем,1130
Пн,4,181235,лек,236
Пт,3,231452,лек,530
Вс,10,91817,сем,1599
Чт,10,251571,лаб,323
Ср,5,141381,сем,1026
Вс,7,181977,лаб,1868
Пн,2,11660,лек,1336
Пн,3,41058,лек,1446
Вт,1,200579,лек,300
Пн,3,31751,лек,1681
Сб,5,250956,лек,1383
Пн,6,81634,лек,745
Чт,3,71239,лаб,422
Сб,2,252015,лек,351
Ср,3,280826,сем,1188
Пн,4,191525,лаб,1662
Чт,9,211569,сем,1601
Пт,9,221428,сем,1734
Вс,2,31247,лаб,612
Пн,6,241617,лек,822
Вт,5,101581,сем,1203
Вт,10,90307,лек,1716
Вс,2,81260,лаб,1630
Сб,6,241311,лаб,1801
Ср,1,150478,сем,240
Чт,7,20128,лек,1046
Сб,3,51703,лек,1815
Вс,1,30854,сем,376
Чт,4,200615,лаб,1399
Пн,5,111270,лаб,1345
Вт,5,101726,лаб,372
Чт,8,281336,сем,1921
Вт,1,91926,лек,206
Вс,7,41155,лек,1817
Ср,8,90589,лаб,748
Пт,4,131055,сем,1845
Пт,2,71617,лек,667
Ср,3,240177,сем,918
Вс,8,71741,сем,917
Вт,6,141578,лаб,1716
Чт,10,202066,лек,1480
Ср,7,151912,лек,1349
Вс,10,271976,сем,670
Вс,4,30728,лаб,996
Ср,2,171036,лаб,1691
Ср,3,151172,лаб,950
Вт,5,120531,лек,450
Пт,5,260424,лаб,1131
Пт,7,211402,лек,1542
Ср,2,281753,лек,773
Ср,5,260937,сем,349
Чт,1,200516,лаб,1945
Вс,10,41708,сем,416
Пн,2,110710,лаб,14
Пт,3,150334,лек,274
Чт,5,31741,лек,1023
Пт,4,280283,сем,503
Сб,9,170766,лек,103
Ср,3,41073,лек,1162
Ср,9,260652,лек,183
Вс,4,101327,лек,1969
Вс,7,261458,сем,541
Чт,4,210251,лаб,1291
Пн,3,121115,лек,823
Вт,7,252027,сем,998
Сб,2,161225,сем,1323
Пн,2,202057,лаб,1761
Пт,10,191018,лаб,1159
Вт,10,180438,лек,1935
Вт,4,170668,лек,1418
Вт,7,300330,лек,761
Чт,3,251144,лек,286
Ср,5,301463,сем,1076
Пт,4,91459,лек,712
Пн,10,131853,лек,498
Чт,3,31442,лаб,457
Пт,1,240841,лек,1211
Сб,1,241839,лаб,288
Ср,4,70370,сем,1473
Пн,1,251510,лаб,1738
Вт,6,281183,лаб,983
Пн,5,161686,сем,597
Вс,2,60803,сем,531
Вт,8,220483,лаб,1201
Чт,8,211607,лек,198
Сб,2,251712,лаб,195
Сб,6,31886,лаб,11
Чт,1,201780,сем,1465
Ср,8,212060,лек,1410
Вс,10,111327,сем,803
Пн,3,242040,сем,187
Пт,4,111352,лаб,324
Пт,3,110268,лек,370
Пт,10,30877,лаб,6
Чт,10,251525,лек,1376
Вс,2,161407,лек,236
Пт,9,260190,сем,399
Пт,2,50270,лаб,837
Ср,6,91784,лек,1068
Вс,5,160481,лек,752
Вт,9,260753,сем,765
Сб,7,10711,лаб,1426
Вт,2,280316,лаб,830
Чт,4,120974,лек,1943
Вт,10,51106,сем,527
Сб,7,40579,лек,113
Сб,3,201954,сем,1245
Чт,2,221512,лек,1474
Ср,9,160238,лек,912
Вс,3,40638,сем,667
Ср,9,71969,лек,1358
Сб,6,101651,лек,605
Пн,1,120730,лаб,757
Пн,8,191005,сем,898
Пт,8,250118,лек,1935
Вт,5,241522,лаб,111
Чт,3,171535,сем,1247
Вт,6,42039,лаб,277
Вс,1,112008,лек,1889
Чт,8,71867,лаб,680
Вс,1,90802,сем,1337
Вс,6,10586,сем,1132
Чт,7,250367,лек,1382
Чт,7,301917,лек,1861
Чт,4,51340,лаб,647
Пн,8,140928,сем,1104
Пт,4,240453,лаб,902
Чт,4,291837,сем,997
Пт,5,91211,лек,33
Вт,1,240380,лек,344
Пн,8,190368,лаб,1451
Пт,3,110626,лек,1381
Чт,10,251287,лек,1901
Чт,10,241244,лаб,358
Пн,2,251546,лаб,1386
Пн,4,290349,сем,824
Ср,1,140501,сем,407
Чт,1,90161,лаб,1915
Пн,10,171780,лек,728
Чт,4,111670,лаб,647
Чт,2,161962,лаб,1943
Чт,10,20523,лек,1910
Чт,1,60136,лаб,1555
Вт,10,181063,лаб,324
Пт,7,180371,сем,102
Чт,2,160436,лаб,812
Чт,3,160210,сем,1520
Ср,5,121442,сем,1685
Чт,9,300978,лаб,672
Вс,6,272020,лаб,1900
Пт,10,201206,лаб,1781
Ср,9,11728,сем,13
Вт,6,141701,лаб,493
Ср,1,30348,сем,1731
Вс,1,150439,лаб,1102
Вс,5,230864,сем,1832
Ср,6,221106,лаб,168
Вт,1,150406,сем,988
Вс,10,100413,лаб,1244
Сб,8,161859,лек,907
Чт,5,281312,лек,1470
Пн,3,291474,сем,1864
Сб,9,290488,лаб,1482
Сб,2,161934,лаб,980
Пн,3,271852,лек,776
Вс,6,120374,лек,1099
Вс,1,60529,сем,1134
Ср,4,31079,лек,409
Чт,4,11203,лаб,1569
Вс,7,240745,лек,1775
Пн,6,150440,сем,531
Пн,10,302039,лаб,288
Пт,2,211008,лек,1098
Пт,2,161367,сем,1339
Вс,8,82008,лаб,1389
Сб,3,282022,сем,461
Вт,3,101906,лек,1214
Пт,4,191068,лаб,1925
Вт,3,61549,сем,1776
Чт,7,221416,лаб,525
Пт,9,111282,лаб,1560
Пт,9,130278,сем,456
Сб,6,181135,лек,1513
Чт,1,100790,сем,1950
Пн,9,201341,лек,1735
Пт,3,40146,сем,641
Пн,8,121317,сем,1722
Чт,4,130269,сем,657
Вс,7,221428,лек,1664
Пт,4,70208,лаб,463
Вт,7,150321,лаб,1241
Вт,8,301241,лаб,472
Ср,8,160582,сем,2
Ср,5,171518,сем,1747
Чт,5,251102,сем,1569
Пт,3,181640,лек,1959
Сб,3,190873,сем,1607
Вт,3,181710,лек,1068
Пт,5,261627,лек,1904
Ср,6,270476,лаб,1019
Сб,9,281287,лаб,909
Вс,3,241555,сем,1306
Вт,4,31570,лаб,1819
Ср,6,130639,сем,585
Пн,3,161444,лаб,445
Ср,10,161652,лек,1016
Вт,4,11605,лек,465
Пт,5,191914,сем,1123
Пн,5,141157,лаб,1503
Чт,3,60910,сем,1178
Вс,9,170361,лаб,1317
Ср,6,290184,лек,1217
Вт,5,170607,лек,1684
Вт,8,222069,лаб,229
Ср,3,92035,сем,1353
Пт,3,280603,сем,1460
Вт,8,290336,лаб,1295
Пн,6,40917,лек,218
Вс,5,240542,лек,899
Пн,3,12028,лаб,1799
Пн,1,191074,сем,60
Пт,4,250119,сем,1050
Чт,2,81467,лаб,949
Сб,3,110754,сем,518
Пт,9,270446,лаб,375
Ср,6,220560,сем,1553
Вс,9,251324,лек,886
Вт,3,81439,лаб,1312
Сб,7,181138,лаб,415
Пн,1,190485,лек,978
Чт,4,110219,лек,1914
Пн,9,231927,лаб,1311
Вс,1,170142,лек,1581
Пн,2,61983,лек,1366
Пн,9,291390,сем,761
Чт,6,111021,сем,572
Чт,1,200640,лек,181
Вт,3,270488,лаб,1101
Пт,8,30872,лаб,1925
Чт,5,170454,лек,467
Пт,7,291134,лек,1203
Пт,2,251909,сем,1489
Чт,4,101974,лаб,1627
Пт,9,122033,лаб,1983
Пт,4,91853,лек,1082
Чт,2,241173,лек,168
Чт,7,181825,лаб,1728
Вс,3,10119,лаб,983
Ср,3,31149,лаб,1895
Вт,9,71350,лек,1510
Сб,2,110603,лаб,985
Чт,3,72020,сем,174
Ср,6,60220,сем,1438
Сб,5,131364,лаб,235
Сб,6,111858,сем,179
Пн,9,280181,сем,1069
Пт,3,201587,сем,159
Чт,7,251315,лаб,1457
Пн,5,10682,лек,1956
Сб,8,281969,лаб,1774
Вт,8,30862,лек,1546
Сб,5,21013,лек,1969
Пт,5,50417,сем,181
Сб,2,230554,лаб,68
Пн,3,150967,сем,547
Ср,1,10331,лек,456
Сб,5,90287,лек,1262
Сб,1,240765,лаб,1423
Сб,1,40467,лек,1645
Вс,10,131605,лек,12
Чт,2,60471,лаб,342
Ср,10,30874,лек,1722
Ср,4,211253,лек,1132
Вт,4,191180,лаб,815
Чт,5,161541,сем,335
Сб,5,180724,лек,1133
Вт,5,260810,лаб,988
Пт,2,200339,лек,1056
Сб,5,201231,лаб,1446
Пт,7,111250,сем,990
Вс,3,181826,лаб,1328
Вт,2,60543,лаб,872
Сб,4,170747,лаб,113
Пн,1,240235,лаб,1073
Вт,8,241333,лек,1705
Пн,3,211075,сем,1910
Чт,7,61031,лаб,375
Вс,1,272041,сем,855
Вс,4,170538,лек,798
Чт,4,260289,лек,1049
Пт,4,260333,лаб,1024
Вт,1,21171,лаб,830
Пн,7,130870,сем,737
Пт,3,31143,лек,550
Вт,5,220319,лек,683
Сб,6,281642,лаб,1539
Вт,9,271830,сем,708
Ср,10,161508,сем,218
Ср,1,231231,лаб,1832
Вс,10,170476,лек,1455
Вс,2,210978,сем,511
Пн,10,91732,лаб,1864
Вт,5,121145,лек,442
Вс,3,270535,лаб,1619
Вт,3,271127,лек,1592
Пн,1,81030,сем,948
Пт,5,101840,лаб,735
Ср,9,101786,лек,1626
Пт,7,40943,лек,1694
Ср,8,51912,сем,343
Пн,8,81818,лаб,1408
Пт,5,170461,лек,1127
Ср,8,291531,лек,606
Сб,5,141805,лек,568
Чт,6,231806,сем,750
Ср,2,260167,сем,1794
Пн,1,210736,лек,26
Вт,3,50945,лек,105
Чт,7,141290,лек,176
Пт,10,30513,лаб,788
Чт,2,32090,сем,440
Вт,10,241483,лек,1021
Пт,7,291974,сем,901
Вт,7,121156,сем,1167
Сб,7,150719,лек,1242
Пт,7,240816,лек,519
Вт,4,62042,лек,65
Чт,10,181805,сем,1984
Чт,4,161437,сем,1826
Ср,4,191654,лаб,135
Пт,8,230302,лаб,1728
Пн,8,111088,сем,713
Ср,6,140141,лек,252
Вс,4,40342,лек,1266
Ср,1,170807,сем,16
Чт,2,290163,сем,412
Пн,7,230257,лек,289
Вт,1,240875,сем,433
Ср,6,61801,лаб,345
Вт,8,31187,сем,68
Пн,2,120747,лек,1891
Пн,6,70835,лек,435
Пт,10,230556,сем,914
Вс,4,171415,сем,1391
Сб,2,210403,сем,770
Пн,9,291452,лаб,1769
Сб,5,130107,лек,1549
Вт,8,201484,лаб,1037
Вт,7,230417,лек,1887
Чт,1,120742,лаб,853
Сб,10,140728,сем,1898
Ср,7,230933,лаб,1998
Вс,7,91185,сем,8
Ср,9,111023,сем,1257
Пн,4,190333,лек,589
Пт,2,110873,сем,1471
Вт,9,241810,сем,763
Ср,3,50467,лаб,1510
Ср,6,31563,сем,1374
Сб,10,270374,лаб,1746
Вс,8,160205,лаб,482
Ср,6,210862,лаб,1218
Сб,5,281771,сем,1450
Вт,9,11731,лек,335
Сб,2,61035,сем,504
Пт,1,290290,сем,1543
Вс,9,32042,сем,714
Сб,2,121278,сем,952
Вс,5,50433,сем,1573
Сб,3,231117,лаб,1043
Сб,2,161315,лек,677
Сб,7,141820,сем,827
Вс,6,201045,лек,1889
Чт,10,91685,лек,1494
Вс,7,210248,сем,317
Пт,1,190544,сем,905
Вс,6,90661,лаб,1168
Чт,5,60790,лаб,1480
Пн,5,30467,лаб,993
Чт,1,200788,лаб,1108
Сб,6,81111,лаб,276
Сб,1,270686,лек,13
Ср,7,20948,лек,951
Пт,3,11279,сем,1446
Пт,4,301432,сем,479
Вс,5,242059,сем,1587
Пт,5,40224,лаб,1989
Сб,7,131230,лаб,909
Пн,4,51839,лек,1330
Пн,1,300814,лаб,973
Пн,3,191406,лаб,1818
Вт,5,190209,лек,947
Пн,4,280402,лек,461
Пн,8,250790,лек,111
Сб,1,300661,лаб,1180
Сб,4,242022,лек,93
Ср,6,141388,лаб,907
Ср,7,291363,лаб,200
Вс,3,51609,лек,1715
Ср,3,50462,сем,1730
Вс,4,231989,лаб,1665
Сб,6,181336,лек,1046
Пт,8,231908,лаб,1408
Чт,8,260575,лек,450
Вс,5,291049,сем,11
Пн,1,212084,сем,692
Вс,8,251851,лаб,542
Сб,1,120646,сем,1809
Пн,2,101876,сем,1492
Вт,7,290612,лаб,446
Пт,2,140705,лаб,481
Ср,4,20677,лаб,424
Ср,8,220163,лек,1768
Вс,4,41049,лек,1048
Вт,6,140319,сем,1986
Вс,9,10181,лек,118
Пн,6,280390,сем,440
Ср,3,21372,сем,630
Пн,6,91112,лаб,1400
Чт,5,121986,лек,120
Сб,8,60423,лаб,412
Пт,4,211314,лаб,1083
Пн,9,290729,сем,1118
Чт,7,230880,лек,1749
Ср,9,231145,лек,336
Вт,8,280140,лаб,1290
Чт,7,60140,сем,147
Пн,6,200528,лек,696
Пн,8,61186,лаб,16
Ср,1,90639,сем,1173
Чт,8,231033,лек,1185
Чт,10,291138,лек,1795
Вс,9,241813,лаб,1255
Вс,1,211582,сем,1603
Вт,3,81825,лек,1516
Вс,2,261074,лек,728
Вс,2,231131,сем,897
Пн,10,251651,лек,1339
Чт,2,151254,лек,209
Пт,10,121972,сем,1619
Ср,3,141439,сем,265
Сб,4,70122,лек,1935
Чт,5,150925,сем,1615
Чт,4,230643,лаб,405
Вт,1,61966,сем,225
Сб,2,71860,лаб,503
Пт,6,170306,лаб,2
Ср,4,270645,лек,872
Пт,9,80515,лек,497
Ср,6,81011,лаб,1799
Сб,5,201764,лек,1716
Вт,7,301504,лаб,417
Вс,10,20553,лек,1890
Чт,9,291982,лаб,1620
Ср,6,230506,лек,782
Ср,2,80348,лек,1454
Пт,3,171612,лек,1947
Пн,8,41683,лаб,1623
Пн,9,40866,сем,1324
Чт,10,220384,лек,312
Пн,9,160410,лек,808
Ср,9,11841,лек,1127
Вт,2,170832,лек,312
Чт,3,251509,лаб,980
Вс,2,300846,лаб,314
Пт,4,190810,сем,609
Чт,3,50105,лек,774
Сб,5,301630,лаб,1651
Сб,10,220125,сем,351
Вс,5,241018,лаб,1948
Пн,8,191011,сем,335
Ср,10,111915,лек,1580
Пн,5,160980,лек,171
Вс,6,101373,сем,351
Вс,9,271216,сем,175
Чт,7,210314,сем,138
Вс,3,271334,сем,738
Чт,7,151484,лек,1201
Пн,3,221071,лек,1077
Вс,3,211883,лек,987
Пт,5,291888,лаб,450
Вт,5,211026,сем,512
Пн,4,230731,лек,1544
Ср,10,170759,лек,619
Сб,10,121245,сем,1451
Ср,6,181008,лек,1821
Пн,7,141141,лаб,800
Вс,3,190262,лек,787
Пн,2,11252,сем,584
Сб,4,51825,лаб,359
Вс,10,280629,сем,1153
Пн,1,50847,лаб,759
Ср,6,21433,лаб,116
Пн,3,231330,лаб,1984
Чт,7,141434,сем,946
Пт,1,11378,лек,1876
Чт,10,261768,лаб,210
Ср,2,161732,лаб,1616
Сб,5,300253,сем,1493
Сб,3,160486,сем,794
Ср,10,50874,сем,1803
Вс,9,61520,лаб,280
Ср,6,130104,сем,113
Пн,5,10371,лек,1305
Чт,4,271882,лаб,1470
Вс,1,131110,лек,1465
Пн,4,281726,лек,996
Вс,3,62078,лек,1424
Сб,1,300428,сем,833
Пт,5,31232,сем,512
Пт,8,60244,лаб,19
Вт,5,70805,лаб,765
Чт,6,151949,лаб,1776
Сб,4,41112,лаб,463
Чт,8,261484,лек,774
Пт,1,121757,лаб,133
Чт,10,240929,сем,1877
Вт,9,192025,сем,537
Пт,3,90756,сем,867
Вс,7,160638,сем,1821
Вт,5,260954,лаб,870
Вс,7,280666,лаб,643
Вс,5,151059,лек,1778
Пн,6,271787,лаб,216
Сб,7,30583,лек,512
Сб,6,120825,лаб,1118
Ср,6,220534,лаб,297
Чт,7,40487,лаб,1613
Вс,6,120671,лек,620
Сб,9,181035,лаб,614
Пт,1,290918,лек,763
Чт,7,121059,лек,1723
Вс,7,221468,лек,1356
Вс,3,190564,лек,321
Чт,3,210561,лек,593
Ср,7,80919,лаб,99
Пт,1,200215,сем,399
Ср,3,241850,лек,1750
Ср,8,40476,лек,359
Вт,9,161326,лаб,1242
Сб,7,100813,лаб,82
Вс,9,180201,лаб,1374
Ср,7,171082,лек,845
Пт,5,210841,лек,529
Ср,4,80183,лек,576
Ср,7,161747,лек,687
Вс,10,71019,лаб,68
Пн,5,161086,сем,1374
Ср,2,240821,лаб,1999
Пт,10,140635,сем,1489
Вт,2,290553,лаб,1706
Пт,10,90559,сем,145
Вт,7,171306,лек,1210
Вт,8,81417,лаб,988
Чт,4,121975,лаб,90
Чт,5,120548,лек,1834
Пт,3,220719,лек,1397
Пт,10,71206,лаб,1058
Пн,9,160344,сем,63
Вт,1,30880,лек,1460
Чт,4,111343,сем,438
Чт,1,151634,лаб,1178
Вт,3,50981,сем,206
Пн,4,222044,сем,1256
Вт,3,150251,лек,1536
Чт,8,230230,лаб,993
Пн,6,62002,лаб,1953
Чт,2,20524,лек,1296
Чт,3,181226,сем,900
Ср,1,141340,лаб,316
Вт,10,200490,сем,966
Вс,4,250730,сем,102
Пт,4,160114,лек,1503
Ср,5,241815,сем,327
Вт,7,101955,лек,216
Вс,3,51710,сем,394
Чт,2,10935,лек,134
Ср,9,231734,сем,647
Пн,6,140981,лек,1396
Пт,5,40413,лек,489
Пт,4,20758,лаб,1081
Пт,8,281081,лаб,493
Ср,6,41668,сем,515
Вт,6,151759,сем,141
Сб,7,120949,лаб,374
Вт,7,161164,сем,1683
Пт,5,21821,лаб,785
Пт,10,120290,лаб,825
Вт,9,61789,сем,384
Пн,1,11079,лаб,1717
Сб,6,270141,лек,1916
Сб,2,71310,лаб,1442
Сб,4,160790,лек,1123
Пн,9,260608,лаб,695
Вс,8,150536,лаб,91
Пт,1,11075,лаб,1014
Пн,2,221710,сем,1481
Вс,3,92005,лаб,1305
Ср,8,231820,лек,335
Ср,3,51779,лек,1764
Вт,1,40550,лаб,342
Вс,9,191761,сем,1339
Пн,6,131150,лек,1107
Вс,6,31619,сем,167
Вс,5,120108,лек,1640
Вт,10,150582,лаб,1321
Чт,6,110742,сем,1870
Ср,7,162072,лаб,1742
Сб,8,91857,лек,358
Пт,9,251750,лек,1658
Сб,3,181948,лаб,1412
Ср,8,160488,лек,864
Пт,8,140342,сем,353
Чт,8,180980,лек,493
Чт,5,240553,лаб,931
Вт,8,31753,лаб,1880
Вс,2,151688,сем,1628
Пн,5,60988,лек,1578
Пн,2,72086,сем,635
Ср,6,261359,лек,1002
Пн,5,181083,лек,204
Ср,4,161260,лаб,16
Вт,4,51517,лаб,1424
Пн,3,61162,лек,1380
Вт,1,251534,лаб,1002
Чт,2,291551,сем,1968
Вт,5,110639,сем,1567
Сб,1,260975,лаб,1129
Сб,10,120263,лек,52
Пн,6,230777,лек,1780
Сб,3,90767,лаб,1614
Ср,1,191308,лаб,1272
Вс,3,180809,сем,310
Сб,1,280776,лаб,404
Вс,4,110215,сем,672
Вс,5,121046,лаб,294
Вт,4,192068,сем,1714
Вт,4,271006,лек,194
Пн,4,260379,лаб,1224
Пн,3,21115,лек,1531
Ср,5,151583,лек,439
Ср,3,51908,лаб,1433
Пн,2,101947,сем,1612
Сб,2,10115,сем,1347
Чт,4,301806,сем,1143
Вс,9,130544,лек,507
Вт,5,31858,лаб,982
Чт,3,61660,лаб,1166
Пт,10,161431,сем,1190
Сб,8,81424,лаб,550
Чт,10,81121,лаб,713
Пт,10,71705,лаб,116
Пт,2,270384,лаб,856
Чт,7,211671,лаб,756
Чт,8,300149,сем,1543
Чт,4,141226,сем,606
Пн,10,191048,сем,284
Вт,6,250843,сем,714
Вс,5,220507,лек,897
Вс,9,280626,лаб,511
Пт,2,41189,лаб,1479
Пн,5,60359,сем,231
Вт,4,301781,лек,1642
Сб,8,80415,лек,1479
Ср,8,41238,лек,1484
Ср,4,81190,лаб,756
Чт,9,300228,лек,1506
Пн,3,81356,лек,1876
Чт,10,101463,лек,1196
Чт,9,30367,сем,1156
Вс,3,140337,лаб,1795
Чт,4,40107,лек,693
Ср,7,81623,сем,250
Сб,3,251037,лаб,946
Ср,1,11813,лаб,1582
Вс,8,291605,лаб,701
Чт,10,111104,лек,1906
Ср,1,161317,лаб,1746
Вс,8,11755,сем,1982
Пт,6,250737,лаб,1203
Вс,9,281129,лек,1504
Пн,3,171677,лаб,1760
Вт,2,21788,лаб,1159
Сб,4,71203,лаб,889
Пт,7,60738,лек,706
Сб,4,252064,лек,1160
Пт,8,100380,лек,1797
Чт,10,61085,сем,1071
Чт,1,151154,лаб,117
Ср,10,201261,сем,1798
Вс,9,80564,лаб,1353
Вт,3,261174,сем,1387
Сб,2,280278,сем,723
Сб,4,250626,лаб,211
Пн,6,151231,лек,1541
Пт,3,80245,лаб,1604
Ср,8,101961,лек,721
Ср,3,31935,лаб,1055
Вс,3,101938,лаб,944
Пт,8,300343,лек,76
Чт,10,201401,лек,1659
Вс,2,50186,лек,360
Вс,4,241348,сем,848
Пн,3,301877,сем,486
Чт,6,301636,лаб,370
Вт,4,190466,лаб,530
Пн,10,141280,лаб,1264
Ср,2,41404,лаб,116
Вт,1,170831,лаб,1838
Сб,6,240121,сем,1614
Вт,4,30484,лаб,1279
Пт,5,141278,лек,1090
Пт,9,61207,сем,1968
Ср,10,11403,лаб,180
Пн,2,161638,лек,1612
Сб,10,221723,лаб,438
Сб,10,191483,лаб,1360
Пт,5,291840,лаб,51
Пт,6,61167,сем,719
Вт,4,131565,лек,1489
Пн,6,31937,лек,471
Пн,5,11883,сем,1075
Ср,8,260517,сем,1648
Вс,3,40405,лаб,590
Вс,5,21015,лаб,430
Вт,3,280567,сем,898
Вс,2,72064,сем,651
Пн,1,140923,лек,1371
Вт,8,60427,сем,706
Вт,6,120826,сем,1839
Пн,9,191847,лаб,692
Ср,10,241374,сем,167
Пт,6,11331,лаб,66
Ср,10,191583,сем,698
Сб,4,260729,сем,1346
Чт,4,100283,лек,205
Пн,10,190630,лек,126
Ср,4,41207,лаб,450
Пт,8,131249,лаб,1866
Пт,1,40216,лек,1495
Пн,6,80405,лаб,395
Сб,5,110546,лек,1791
Вт,10,31141,лек,1633
Чт,6,270536,сем,1849
Пн,1,20382,лек,1642
Пт,1,260283,сем,1587
Вт,3,230744,сем,1086
Пт,3,100780,лаб,1896
Чт,10,131432,сем,784
Пн,3,251666,лек,767
Пт,8,151433,лек,1731
Вт,2,11543,лек,730
Вт,1,110839,лаб,1031
Пт,4,251053,сем,1620
Чт,6,230101,сем,84
Ср,6,151369,сем,1746
Пн,9,140490,сем,851
Пн,4,201357,сем,1770
Пт,8,191621,лек,1974
Пт,8,300841,сем,1738
Пт,9,131658,сем,720
Пн,7,101411,лек,1915
Ср,8,180961,лек,1749
Вс,10,280244,лек,1035
Пн,10,61319,сем,1325
Пт,6,181059,лаб,1866
Вс,6,132029,лаб,752
Ср,3,251040,лаб,1807
Вт,10,210773,лек,1877
Пн,1,132039,лаб,1869
Вс,5,250180,лаб,836
Сб,2,51829,лек,217
Ср,10,290342,лаб,1514
Вс,2,91812,лаб,611
Пт,3,21805,сем,1055
Чт,6,102079,лек,1005
Пн,2,290647,сем,1550
Пн,10,81816,сем,1678
Вс,10,261109,сем,1658
Пн,3,260426,лаб,1441
Ср,5,241507,лаб,1956
Сб,1,110352,сем,804
Чт,8,301964,лек,1441
Пн,1,52040,лаб,481
Ср,7,281850,лаб,186
Пт,7,200855,сем,215
Пт,4,70519,лек,1956
Сб,5,171865,лек,1026
Вт,9,191833,сем,831
Вс,9,191524,лаб,194
Сб,9,241750,лаб,1496
Пт,9,280564,сем,1308
Пт,5,91661,лек,1240
Сб,8,262011,лаб,544
Чт,9,210281,лаб,712
Вт,7,120540,лек,410
Пт,7,121072,сем,1719
Вс,3,100724,сем,1347
Пт,3,210876,сем,1568
Вт,7,110903,сем,865
Пт,7,161935,лек,1065
Ср,3,280503,сем,305
Вт,9,170662,сем,1897
Вт,2,60777,лаб,7
Вт,2,21369,сем,273
Пн,4,151419,сем,1751
Ср,3,151167,сем,1258
Пн,4,72018,лек,419
Пт,6,122051,лек,325
Чт,2,241934,сем,883
Вс,7,81706,сем,1060
Чт,3,10672,сем,1525
Чт,2,281357,сем,1270
Сб,10,31053,сем,1953
Пн,1,211712,сем,1482
Ср,4,101855,сем,588
Пт,3,130905,сем,919
Вс,4,281674,лек,1940
Вс,3,11141,лаб,484
Пн,8,180140,сем,1912
Пн,5,30284,лаб,97
Вс,10,11944,сем,319
Ср,4,11979,лаб,1342
Пн,3,230390,сем,1447
Пт,6,151685,лаб,994
Вт,9,290754,лаб,1019
Ср,10,131472,лаб,1320
Пн,9,90474,лаб,703
Сб,2,80107,сем,1872
Вс,4,131455,лек,452
Пт,5,11907,лек,893
Пт,10,110441,сем,1867
Пн,9,60788,лаб,75
Вт,2,231136,сем,646
Сб,7,130758,сем,1504
Пн,6,11814,лаб,1926
Пт,6,70582,лек,1767
Вс,9,200856,лек,1828
Ср,7,170429,лек,1493
Вт,5,290377,сем,1312
Пт,2,111650,лаб,1427
Вс,8,11118,сем,1396
Чт,1,31302,лек,294
Ср,2,240149,лаб,977
Пт,9,121701,лаб,1020
Сб,10,120908,лек,846
Сб,3,30613,лаб,490
Ср,9,50206,сем,977
Вс,6,250623,сем,1442
Пн,5,210754,лек,1404
Вт,5,51128,сем,1897
Ср,3,301248,сем,930
Пт,8,21167,сем,1527
Вт,1,221220,лаб,1765
Пн,7,90467,сем,633
Чт,5,100740,лек,1390
Пн,1,80633,лаб,1552
Вт,10,191920,лаб,209
Вт,8,60106,сем,362
Пн,3,11432,сем,666
Пн,10,211178,лек,710
Вт,2,301959,сем,1541
Пт,10,301824,лаб,334
Вс,9,230438,сем,446
Пт,5,280327,лаб,929
Чт,5,290418,лек,1754
Пт,6,142066,лек,862
Вс,3,121454,лек,731
Пн,7,110329,лаб,1342
Вс,3,271431,сем,1978
Ср,6,142088,лек,1990
Ср,4,131980,сем,1275
Сб,1,190227,сем,64
Вт,2,10404,лек,1025
Вс,8,250507,сем,1923
Ср,9,40187,сем,774
Ср,1,181082,сем,824
Вт,6,101366,лаб,1085
Пт,5,120120,сем,837
Пн,1,290675,лек,1483
Сб,2,221453,сем,1604
Пн,8,141549,сем,467
Пн,1,81513,лаб,1104
Чт,2,301226,лек,158
Сб,6,181763,лек,1638
Сб,4,70413,лаб,1744
Вс,8,131533,лаб,4
Ср,3,281166,лек,292
Чт,4,290790,лек,1742
Ср,4,180137,лаб,1430
Вт,10,91111,лек,823
Пн,7,251577,лек,1125
Сб,1,22071,сем,1292
Вт,9,160769,сем,767
Сб,9,201326,лек,743
Ср,1,230376,лаб,46
Вт,4,191489,лек,1535
Чт,9,90156,лек,427
Сб,3,201949,лаб,1074
Пн,4,81118,сем,138
Вт,2,21388,сем,1182
Сб,1,101116,сем,1084
Чт,9,280181,лек,1129
Вс,2,270967,сем,1863
Сб,10,60647,сем,1843
Пт,2,21220,сем,369
Пн,3,240486,лаб,1362
Сб,8,251035,лаб,1723
Ср,4,231053,лек,1221
Пн,4,280120,лек,1350
Пн,7,121027,лаб,869
Пт,8,211922,сем,1187
Пт,1,161705,лаб,1192
Пн,8,91906,сем,31
Сб,4,291942,лек,1792
Пт,4,150641,лек,1428
Вс,5,80138,сем,904
Пт,9,61544,лаб,1051
Вс,4,21968,лек,868
Пн,1,61368,лек,18
Сб,9,11408,сем,1036
Вт,9,210484,лаб,509
Ср,2,152038,лаб,1783
Сб,3,122021,лаб,1572
Пн,6,280490,лек,866
Вс,7,281250,лаб,426
Сб,10,150410,лек,101
Вт,6,51864,лек,1805
Пн,1,21018,лаб,129
Чт,7,61048,сем,1352
Сб,8,231164,лаб,1466
Пн,10,210647,лаб,196
Пт,8,21138,сем,973
Сб,7,70473,лек,180
Вт,5,140955,лек,869
Сб,9,111005,лаб,1483
Вт,9,190522,лаб,1784
Пн,5,51947,лаб,1094
Сб,7,40840,сем,1259
Вт,2,200816,лаб,157
Пн,10,251142,лаб,1001
Вт,1,210583,сем,1570
Вс,4,301239,лаб,290
Пн,2,131475,лек,600
Вс,5,170135,лек,1085
Вс,10,251613,лек,1774
Чт,8,261143,сем,1458
Чт,8,210436,лек,200
Пн,1,300387,лаб,1900
Пн,9,240130,лаб,1582
Вт,2,50677,сем,1183
Чт,6,221260,лек,958
Чт,3,130289,лек,1953
Пн,5,250202,лек,1314
Сб,4,41857,лек,1746
Пн,1,150465,сем,1157
Вт,4,280784,сем,386
Сб,2,60517,сем,1245
Вт,1,270869,сем,1312
Пн,5,101839,сем,327
Вс,10,290138,лаб,1024
Пт,4,251605,лаб,689
Вс,7,150828,сем,653
Пт,9,181062,сем,188
Вс,1,210201,лек,1011
Пн,5,101824,лек,1066
Чт,9,71362,сем,1817
Ср,5,120648,лаб,954
Вс,4,220951,лаб,390
Пт,8,70809,лаб,295
Пн,2,121514,лаб,287
Чт,5,271109,сем,173
Сб,10,71205,сем,391
Вт,7,130642,лаб,243
Пн,1,231905,лаб,303
Чт,10,240610,лек,1516
Пт,5,61424,лаб,368
Вс,1,180182,лаб,1231
Вт,5,250777,сем,878
Сб,4,211713,сем,1566
Вс,7,282034,лаб,114
Пн,7,270886,лек,194
Ср,5,41119,сем,1634
Чт,8,190441,сем,1913
Вт,3,120242,лек,1564
Вт,2,10580,лек,1330
Ср,6,161588,лек,182
Пт,5,300472,лаб,374
Вс,5,300505,сем,1296
Сб,9,211950,лек,1932
Пт,2,271540,лек,116
Пт,9,241414,лек,904
Вт,3,22005,лек,1323
Сб,5,141518,лаб,828
Чт,4,30903,лаб,540
Ср,1,81590,лаб,884
Пт,3,20190,лек,1387
Вс,8,300969,лаб,1619
Пн,10,301622,сем,335
Чт,10,31442,лек,63
Вс,5,81304,сем,207
Пт,6,201787,лек,1656
Чт,10,161137,сем,781
Чт,2,201155,лек,483
Сб,7,261775,лаб,1082
Пт,7,51418,лаб,71
Ср,2,101076,лаб,1577
Вт,1,230104,лек,242
Ср,2,100536,лек,379
Вс,9,30923,лаб,1288
Вт,9,150219,сем,1970
Сб,2,50905,лаб,1074
Вт,5,271847,лек,254
Чт,7,240319,лек,1275
Ср,10,20536,лек,570
Сб,8,211945,лаб,949
Пн,3,160523,сем,139
Вт,4,151028,сем,1244
Чт,4,90179,лаб,1185
Пн,5,151409,лек,1187
Ср,4,291862,лек,938
Вс,10,181361,лек,1755
Пт,9,170345,сем,548
Ср,4,61215,лек,1559
Вс,3,290865,лек,1210
Чт,6,230123,лаб,1950
Пт,8,11927,лаб,1708
Пт,7,161279,сем,771
Пн,10,170541,лаб,525
Пт,9,181169,лаб,478
Вс,7,242058,лек,907
Ср,3,141683,лек,1946
Чт,6,240110,лаб,1447
Пн,3,140284,сем,603
Пн,7,80362,сем,1389
Вс,9,82087,лек,1274
Пт,2,110812,сем,1037
Вс,1,200530,сем,968
Пн,8,120286,лаб,1579
Чт,1,140978,лек,1575
Чт,7,150274,лек,766
Чт,8,301449,лек,1554
Чт,10,140432,лек,868
Вс,2,220929,лаб,1599
Ср,4,270351,лек,365
Вт,9,230416,сем,1053
Ср,4,61453,лек,883
Вт,9,101485,лаб,497
Пн,5,41524,лек,327
Пн,7,210521,лек,1233
Чт,4,180645,лаб,1561
Чт,7,261785,лаб,985
Пн,9,221375,лаб,1065
Ср,1,201084,лек,433
Сб,5,120990,сем,679
Чт,9,151023,сем,1992
Вс,9,160857,сем,1145
Чт,3,220154,лек,679
Сб,1,61278,лек,1917
Вс,3,271836,лек,259
Ср,5,221722,лек,1133
Сб,8,170901,лаб,838
Ср,5,301549,лаб,170
Вт,4,62018,лаб,1540
Вс,8,250248,лек,52
Пт,4,191133,сем,222
Ср,6,150161,сем,657
Пн,2,100450,лаб,1192
Чт,5,131120,лаб,315
Сб,4,211631,лек,178
Вт,1,10878,сем,1527
Пн,10,121641,сем,1320
Пт,3,232082,сем,1800
Ср,2,91737,сем,314
Пн,3,80320,лек,1087
Ср,1,71807,сем,557
Пт,8,150946,лек,279
Ср,7,70530,лаб,551
Пн,8,11980,сем,900
Ср,2,51323,сем,1414
Пт,9,160263,лек,1216
Ср,2,210840,сем,1429
Пт,7,101362,лек,1811
Пт,1,261157,сем,210
Пт,9,271063,лаб,285
Сб,7,110689,лаб,842
Вт,2,160642,лаб,376
Сб,7,31638,лек,613
Пт,1,10750,сем,757
Пн,1,260906,сем,1572
Вт,7,80551,сем,728
Пн,9,300372,лек,1817
Сб,2,130611,лек,1889
Вс,6,261701,лек,1704
Сб,1,62003,сем,1372
Сб,4,81957,сем,1551
Вт,4,190637,сем,1055
Чт,3,110639,лек,1329
Вт,5,120465,лек,1516
Вс,6,211282,сем,1997
Вс,3,141968,сем,1798
Вс,9,280317,лек,1800
Вт,7,101961,сем,1712
Вт,9,250460,лаб,1556
Вт,6,20147,лаб,876
Пт,2,301544,лаб,1633
Чт,2,161231,лек,1477
Пн,1,230956,лаб,494
Сб,6,241676,лек,1297
Сб,10,231956,сем,571
Пн,6,51251,сем,355
Вт,4,11357,лаб,338
Вс,7,20983,лаб,1413
Ср,2,281017,лаб,262
Чт,9,220442,лаб,39
Вт,2,150364,лаб,188
Чт,9,100638,лек,431
Сб,2,161707,сем,1118
Вт,4,191437,лек,905
Пн,7,41780,лек,221
Ср,7,230437,сем,1130
Пн,4,160682,сем,700
Пт,6,141175,сем,404
Чт,6,110707,лаб,149
Вс,10,271489,лек,1175
Вс,4,150330,сем,1993
Пн,2,51813,лаб,366
Чт,8,90209,лаб,1088
Чт,6,41355,сем,108
Вт,6,120551,сем,434
Ср,2,111540,лек,1520
Сб,2,190381,лек,165
Чт,6,162020,лаб,246
Пн,3,71517,лек,366
Ср,5,241310,сем,819
Вс,7,291629,лаб,1442
Пн,7,212064,лаб,1615
Пт,4,151635,лек,1400
Сб,10,90815,сем,1047
Ср,8,70770,лаб,1684
Чт,6,210266,лек,1353
Чт,2,150650,лаб,1171
Пн,5,181953,сем,1185
Чт,8,111067,сем,512
Вс,1,201554,лек,1417
Пт,6,10543,сем,830
Пн,3,101527,лек,1921
Пн,2,190551,лек,1623
Вс,3,10985,лек,1931
Вт,6,61584,сем,1766
Чт,5,100726,лек,1162
Вт,5,50841,лек,253
Чт,8,51708,лаб,278
Сб,8,61176,лек,606
Вс,9,251855,лек,9
Пт,6,110921,сем,1795
Пн,3,111357,лек,567
Сб,5,170750,лаб,1826
Пт,10,221188,лек,1268
Ср,4,151958,лек,1811
Сб,4,301350,лек,1796
Вс,3,60663,лек,1180
Пт,8,40964,сем,506
Вс,7,151111,лаб,1975
Пт,6,221073,лек,748
Ср,5,180976,лек,1873
Пн,3,60135,лаб,1964
Чт,2,60816,сем,522
Пн,7,10886,лаб,135
Ср,10,260489,лаб,170
Пт,3,210219,сем,1626
Вт,1,201911,лек,499
Чт,6,81329,лаб,1633
Сб,3,171942,лаб,367
Пт,1,231264,лек,1193
Пн,3,60873,сем,597
Чт,8,101719,лаб,1816
Пт,3,40423,лек,959
Сб,8,151759,лаб,1125
Пн,4,211465,сем,515
Пн,6,120940,лек,193
Пт,9,221024,лаб,1245
Чт,3,10477,лек,1485
Вт,6,272076,сем,604
Сб,7,131443,лек,1330
Сб,7,181786,сем,888
Сб,8,71749,сем,1586
Сб,8,140889,сем,444
Пн,2,110751,лаб,122
Сб,9,161940,лаб,1018
Пт,5,221213,лек,1726
Пн,2,291068,лаб,603
Вт,4,191780,лаб,766
Сб,5,240714,лек,652
Пн,4,260946,лаб,623
Пт,4,110139,лек,1247
Чт,10,70816,лаб,1579
Пт,5,261528,лек,3
Пт,7,111781,сем,1431
Пт,4,30647,лек,1760
Вс,6,91146,лек,1719
Ср,2,241419,лаб,350
Сб,4,131139,лек,398
Чт,4,100425,лаб,875
Ср,3,51969,лек,766
Сб,5,201932,лек,833
Сб,5,211407,лек,806
Пн,3,32057,сем,455
Чт,6,232034,лаб,934
Чт,1,71482,лек,178
Ср,6,110713,сем,901
Вс,10,140390,сем,116
Сб,1,211565,лаб,178
Вс,10,191631,лек,1933
Вт,2,241801,лаб,1134
Пн,3,221509,лек,1968
Вс,8,110711,лек,1489
Пт,9,61733,сем,288
Пн,10,190415,сем,1769
Пн,3,20440,лек,1758
Пн,6,231567,лаб,1369
Вс,4,280962,лек,1707
Пн,10,180785,лаб,266
Вс,2,100485,лаб,1309
Ср,6,271733,лек,887
Пт,9,211104,лаб,619
Вт,10,261840,сем,197
Сб,1,170184,лек,790
Вс,4,40439,лек,1152
Сб,9,171670,лек,1934
Пт,10,90888,лек,286
Ср,9,111306,лаб,1126
Чт,9,191415,сем,1039
Вс,7,31605,лек,137
Пт,10,271431,лек,1311
Чт,8,181654,лаб,1243
Вт,4,230911,лаб,922
Вс,1,191978,лаб,1968
Вт,8,230834,сем,903
Пт,6,11952,лаб,1647
Чт,5,181622,сем,1584
Ср,2,131705,лек,150
Вт,6,110564,лаб,109
Ср,8,111289,лаб,1807
Сб,4,60773,лаб,86
Пн,3,161377,лек,252
Чт,2,220723,лаб,1929
Пт,10,70444,лаб,145
Вт,10,180130,лек,1856
Вс,4,130406,лаб,585
Чт,2,81381,лаб,589
Пт,6,251240,лаб,1093
Пн,2,82042,лаб,1418
Ср,3,20852,сем,301
Чт,6,131609,лек,772
Вс,3,201829,лек,1515
Пн,9,300612,сем,943
Вт,10,30716,лек,908
Вт,4,102064,лек,1756
Ср,3,260522,сем,1844
Ср,5,260237,сем,1664
Ср,4,260737,лаб,624
Сб,8,121619,лаб,250
Пн,8,51458,лек,477
Вс,8,281940,лаб,1900
Вт,1,120129,лаб,1527
Ср,9,271043,лек,261
Чт,8,91953,сем,565
Пн,9,280510,лаб,1276
Вс,1,200641,лек,1645
Сб,7,30447,лаб,1778
Пн,9,261812,лек,140
Сб,4,280860,лек,1638
Сб,5,181576,лаб,1994
Чт,9,52063,сем,1919
Ср,9,171218,лаб,1204
Вт,1,240414,сем,1211
Пн,10,31778,лек,1103
Вс,6,281449,лек,1041
Пн,6,220480,лек,1421
Пн,1,241427,лек,475
Ср,6,291071,лаб,617
Вт,8,91513,лаб,957
Пт,1,190373,сем,403
Вт,6,30525,лаб,1397
Пн,9,121143,лек,624
Вт,10,111037,лек,643
Сб,9,190918,лаб,1897
Пт,1,51951,лек,1759
Пн,4,240413,лаб,581
Вт,10,211283,лек,1856
Ср,7,271069,лаб,1753
Пн,3,291579,сем,397
Вт,3,230571,сем,1953
Пн,7,140363,сем,763
Чт,10,121544,лаб,664
Ср,7,251343,сем,1433
Вс,10,270972,лаб,483
Вт,1,281927,лаб,141
Вс,1,241301,лек,1363
Пн,7,50586,сем,1604
Ср,1,150759,сем,34
Пн,2,240716,лаб,512
Ср,1,111459,лаб,1768
Ср,8,20734,сем,569
Пн,1,130657,лаб,1680
Вт,2,121789,лек,146
Чт,6,61187,лаб,1787
Пт,8,270506,сем,225
Пт,2,32039,лаб,935
Вт,2,111888,сем,1019
Сб,3,191645,сем,1188
Пн,7,110574,лек,213
Чт,7,101684,сем,875
Ср,10,101257,лек,1550
Вт,4,110943,лек,1239
Пт,8,222026,сем,326
Чт,10,21528,лек,95
Вс,7,281360,лаб,713
Ср,7,180224,сем,987
Вс,6,290506,лек,1223
Сб,9,61504,сем,1062
Пн,6,271934,сем,1964
Пт,5,281490,лаб,1771
Пн,2,100748,лек,538
Вт,6,80159,лаб,163
Чт,5,260153,сем,13
Чт,6,280734,лаб,161
Ср,5,60413,лек,1996
Пт,7,301417,сем,906
Вт,3,261216,лек,50
Вс,5,211620,лаб,1885
Пт,10,90759,лек,285
Пн,5,190404,сем,817
Пт,8,192037,лек,1246
Пт,6,261269,лек,906
Вт,6,240481,лаб,1519
Вс,2,60704,лек,675
Вт,4,120934,сем,793
Пн,9,41588,лаб,385
Вс,5,261670,лек,1420
Сб,7,220960,лаб,1093
Ср,5,40533,лаб,1737
Вт,3,300754,лек,1257
Вс,5,70422,лек,409
Пн,1,90847,лаб,77
Вс,5,10431,лаб,129
Вт,4,40352,сем,1226
Ср,6,121671,лек,1855
Пт,5,200567,лек,190
Пт,7,71609,сем,1216
Вт,6,21458,лек,1709
Сб,9,220752,лек,1493
Вс,6,281076,лаб,540
Вт,1,11235,сем,1017
Пн,9,231338,лаб,435
Чт,3,21568,сем,1861
Пн,7,150349,лек,1014
Чт,10,100668,лек,794
Сб,5,71137,лек,1641
Ср,4,271322,сем,857
Сб,3,91990,сем,1582
Вс,5,91305,сем,872
Вт,2,111787,лек,1676
Пн,9,301755,лаб,1762
Вт,2,40220,сем,485
Пн,10,71258,лаб,1592
Чт,10,31945,лек,1373
Пт,9,260779,лек,558
Пт,3,31056,сем,1927
Ср,4,10647,лек,783
Ср,8,70527,лек,1976
Чт,10,232021,лаб,163
Пн,1,221506,лаб,55
Пн,4,110427,лек,1675
Сб,7,60549,лаб,889
Пт,7,81826,сем,1458
Чт,10,30481,лек,49
Вт,6,81406,сем,1557
Сб,1,30180,сем,584
Вт,4,30550,сем,1606
Пт,8,181463,сем,302
Вт,2,241311,лек,1635
Ср,2,160640,лек,916
Сб,7,121605,лаб,1265
Вс,6,201576,лек,427
Сб,1,151576,лек,902
Чт,10,271277,лаб,198
Чт,6,291372,лаб,124
Ср,2,11775,сем,1617
Вт,6,31566,сем,21
Ср,8,82039,лаб,790
Ср,6,260913,лаб,1938
Пт,8,150282,лаб,1915
Пн,4,180601,лаб,1090
Пт,9,30212,сем,1768
Вс,8,111248,лек,1904
Сб,10,111330,лек,1794
Ср,9,101718,лаб,1279
Сб,5,161828,лек,1479
Вт,8,100409,лек,1491
Сб,5,231346,сем,618
Ср,8,141058,сем,1169
Чт,9,100362,лаб,1913
Пн,3,51876,лек,264
Сб,8,260307,лаб,168
Чт,3,150118,лаб,853
Пт,10,260813,лаб,806
Сб,5,180516,лек,1382
Ср,9,301775,лаб,137
Пт,3,180885,лаб,1871
Вс,9,61829,лек,1384
Чт,4,141935,лаб,439
Вт,4,250258,сем,777
Вс,1,22028,лаб,499
Вт,1,181568,лаб,1402
Вс,7,140302,лаб,908
Пн,6,190164,лаб,819
Сб,5,201206,лек,697
Вс,7,291732,сем,823
Вс,4,171301,сем,153
Сб,2,20333,лек,1136
Чт,5,160937,лек,613
Вт,6,121889,лек,974
Чт,7,300811,лаб,754
Вт,10,61426,сем,1905
Пн,1,240764,лаб,686
Чт,8,130555,лаб,1804
Пт,6,21927,лаб,1467
Вс,5,301937,лек,588
Ср,10,270281,лек,1520
Ср,8,250552,сем,1560
Пн,3,121666,лаб,14
Чт,8,201084,лек,1853
Сб,4,30189,лаб,1858
Вс,7,80963,лек,1630
Пн,8,170835,лаб,1360
Чт,5,60943,лек,286
Ср,1,210829,сем,522
Ср,9,251805,сем,610
Ср,8,131360,лек,1235
Чт,8,261926,лаб,312
Пн,4,250415,сем,1227
Ср,3,21873,лек,214
Вт,5,122004,лаб,159
Вс,8,211346,лек,524
Сб,7,131717,лек,1763
Сб,4,100632,лек,827
Ср,1,30884,лаб,729
Вс,4,80730,лаб,1833
Сб,2,11541,сем,1881
Пн,10,201436,лаб,287
Ср,1,50744,сем,1235
Вт,5,70906,сем,1975
Вс,10,10652,сем,1155
Чт,3,191956,сем,36
Сб,4,71406,сем,1941
Чт,7,301405,лаб,24
Сб,7,251305,лек,405
Вт,10,61219,сем,1179
Сб,10,111310,сем,485
Вт,3,81751,сем,1597
Ср,7,200637,сем,1250
Пн,6,300378,лаб,388
Пн,9,301162,сем,1226
Пт,6,51006,лаб,1587
Сб,10,200276,лек,366
Вт,7,231783,сем,1596
Вс,2,30264,лек,716
Пт,10,271246,лек,596
Вт,6,221043,лаб,945
Вт,8,91255,лаб,1529
Вт,9,81537,лаб,570
Пн,1,281712,лаб,290
Чт,8,141280,сем,1512
Вт,9,30540,лаб,1044
Пн,6,51848,лаб,150
Пт,5,140872,лек,261
Пн,5,220157,лек,1033
Вт,4,100351,лек,1989
Ср,4,80376,лек,828
Вт,2,190637,лек,1540
Вс,5,260387,сем,46
Вт,7,100547,лаб,1308
Ср,5,72018,лаб,128
Ср,7,100951,лек,1606
Чт,7,180867,лаб,1544
Сб,5,221320,сем,1322
Ср,5,110959,лаб,392
Чт,4,290632,сем,637
Чт,4,140807,сем,1403
Вс,6,302047,лаб,662
Ср,9,30871,лаб,330
Пт,8,10522,лаб,1989
Пт,5,181451,лек,741
Пт,4,60556,сем,674
Сб,3,121268,лек,694
Сб,6,111533,сем,483
Ср,10,82023,лек,980
Чт,2,171658,лаб,874
Ср,9,201023,сем,52
Пн,7,150762,сем,1087
Пт,4,110867,сем,1904
Сб,1,240974,лек,117
Чт,8,160589,лек,1721
Вс,6,20238,лек,564
Чт,6,250466,лаб,75
Чт,5,231835,сем,1449
Сб,8,281960,сем,1127
Сб,3,140517,лаб,1097
Пт,10,291501,лаб,727
Сб,8,231133,сем,273
Вт,10,111529,сем,1340
Ср,6,41080,лаб,300
Пн,9,210474,лаб,469
Чт,3,160667,сем,172
Пн,2,260471,сем,665
Ср,10,301460,лек,1166
Вт,10,41786,сем,348
Чт,9,220544,лаб,1459
Чт,7,40643,лаб,1156
Пн,9,80357,лек,1726
Чт,6,60265,лаб,301
Вс,1,70631,лаб,1979
Пн,7,260486,лек,1557
Ср,5,250589,лаб,1106
Чт,7,290209,сем,1294
Сб,6,230460,лаб,1446
Чт,10,151230,лек,854
Сб,6,211570,лаб,77
Пн,8,71517,сем,1060
Пт,4,220727,лаб,1654
Вт,2,262002,лаб,168
Сб,10,201856,лек,445
Пт,5,11325,лаб,897
Чт,10,252075,лек,700
Ср,7,301334,лек,1125
Вт,5,211573,сем,1504
Вс,10,151321,лаб,1653
Пт,7,111802,лек,1015
Вт,10,242086,лаб,1978
Вт,2,101065,сем,372
Пт,9,181958,лаб,1732
Сб,3,161952,лек,578
Чт,4,131538,лек,1381
Вт,6,180657,сем,416
Пт,9,130508,лек,1490
Ср,3,110968,лаб,314
Ср,9,60703,лаб,1280
Ср,9,190671,лек,1746
Вт,5,20563,сем,745
Сб,2,90322,лек,227
Ср,9,91364,лек,1538
Сб,3,102074,лаб,931
Чт,5,291677,лаб,487
Пт,1,60831,сем,1340
Ср,5,20242,лек,1090
Пт,7,30929,лек,1638
Вс,2,50857,лек,1022
Ср,6,251555,лаб,438
Чт,6,290463,лек,1868
Пн,1,140984,сем,1472
Пт,4,230359,лек,409
Вт,6,201852,лаб,1029
Вс,10,140561,лаб,579
Вс,7,180638,лаб,756
Вт,10,241917,лек,360
Чт,1,110146,лек,1729
Пт,10,121790,лаб,778
Вт,1,290783,сем,433
Ср,9,40819,сем,792
Вт,5,110474,сем,742
Вт,6,171019,лек,1177
Пн,10,110306,лек,1239
Чт,7,270279,сем,1460
Пт,10,241143,сем,1931
Вс,6,140875,лек,1928
Вс,1,221707,сем,40
Ср,8,10807,сем,924
Ср,10,200137,лек,706
Пт,6,41363,лек,539
Ср,2,171853,лаб,979
Пн,4,260218,лек,1582
Ср,10,111790,лаб,1219
Ср,9,100540,лаб,1417
Пт,10,91569,лек,786
Пн,4,71908,лек,125
Чт,9,101480,сем,840
Ср,8,101269,сем,1168
Чт,8,51719,лаб,118
Пн,3,11134,лек,294
Чт,8,21677,лаб,762
Вс,2,280382,лек,863
Вс,9,141706,сем,326
Чт,2,51953,сем,1324
Вт,9,271062,лек,1729
Вт,4,91935,лаб,9
Сб,5,181911,лаб,1752
Вт,9,31166,лаб,1972
Пт,8,180149,лаб,1610
Вт,8,280323,сем,1843
Вс,1,251207,лек,489
Чт,6,191575,лек,682
Вс,8,301447,сем,1689
Ср,10,281957,лаб,287
Вс,9,240584,лек,1201
Ср,4,270741,лаб,1850
Пн,6,281668,лаб,868
Ср,6,270917,лек,688
Пт,10,101078,лек,1609
Вс,2,241931,сем,905
Вт,3,70438,лек,1403
Пт,5,90213,лек,1033
Вт,2,111107,лек,439
Вт,4,90851,сем,1956
Вт,9,221786,лек,922
Чт,4,142086,лаб,663
Ср,7,140849,лек,1375
Сб,4,131367,лек,585
Пт,4,70334,лаб,1219
Чт,10,21271,лек,1376
Ср,6,81381,сем,1979
Сб,2,251135,лаб,892
Сб,8,30255,лаб,1755
Сб,7,81714,сем,1958
Пт,3,80315,лаб,1058
Чт,7,160857,сем,1355
Вт,2,212090,лек,717
Сб,2,170104,сем,1835
Чт,4,140760,сем,843
Пт,5,230736,сем,774
Вт,3,142058,лаб,1458
Пт,8,41239,сем,923
Пн,10,290836,лек,1820
Вт,5,131042,лек,599
Чт,9,260154,лаб,1118
Вт,1,171561,лек,1852
Ср,7,261576,сем,410
Чт,1,230729,лаб,1907
Сб,9,241819,лаб,744
Вс,10,180862,лек,826
Пт,10,141005,лек,1443
Вт,10,60955,лек,471
Сб,10,220417,лек,162
Пт,10,160229,лек,1691
Вт,3,180788,лек,1384
Вт,5,260370,лаб,1675
Чт,5,91027,сем,143
Пн,1,231951,лаб,1089
Вт,6,180366,лаб,92
Чт,9,120215,сем,1291
Вс,1,300414,сем,107
Пт,7,230862,лаб,1272
Вт,3,270405,лаб,901
Вс,1,100324,лек,980
Пн,1,70329,лаб,1419
Сб,1,131616,сем,1142
Вт,3,291602,лек,712
Сб,7,211803,сем,225
Сб,5,100240,сем,1666
Вс,10,131257,сем,1891
Вс,10,221517,лек,1156
Вс,9,70388,лек,1447
Сб,3,241334,лаб,645
Ср,3,40121,лаб,901
Вт,2,20833,лек,28
Вс,4,291364,сем,303
Вт,7,61375,лаб,1037
Чт,7,41866,лаб,1267
Чт,3,11448,лек,1185
Ср,5,11867,лаб,408
Вс,4,270360,сем,164
Пн,7,270335,лаб,137
Вс,10,280283,лаб,55
Вс,3,12033,сем,143
Вт,7,71119,лаб,1530
Вс,9,240588,сем,172
Пт,4,10135,сем,1043
Вс,2,201481,лек,1381
Чт,2,80346,лек,1190
Вт,3,280539,лаб,928
Пн,5,110427,сем,1564
Вс,10,300673,лаб,1462
Вт,5,250658,сем,1502
Сб,5,221440,лек,379
Пт,8,111713,сем,653
Пт,6,170544,лаб,320
Вт,1,81772,сем,82
Вт,2,10340,лек,472
Пн,8,21581,сем,1189
Пт,9,90967,лаб,1382
Сб,6,110759,сем,9
Сб,6,151719,сем,1554
Вт,8,140501,сем,633
Ср,3,61682,лек,985
Пн,8,151062,сем,1665
Ср,10,260917,лаб,277
Пт,9,41248,лаб,1385
Пт,2,10846,сем,46
Вт,7,121663,лаб,1727
Чт,6,91872,лек,338
Вт,9,171902,сем,919
Вт,8,181259,лаб,1762
Ср,6,250402,сем,1147
Ср,2,80366,лаб,1469
Пт,1,161620,лаб,433
Сб,4,120547,лек,1508
Пт,8,281401,сем,922
Чт,5,70436,сем,1979
Вт,8,110784,сем,639
Вс,5,40335,сем,1722
Пт,4,241381,лек,819
Сб,6,61349,сем,1560
Вт,8,11950,сем,1985
Чт,9,251981,лаб,153
Вт,3,31129,лек,330
Ср,5,151375,лаб,1450
Сб,5,220206,лек,1174
Ср,2,11487,сем,313
Сб,4,211524,лаб,569
Сб,5,291417,сем,1481
Пт,9,210232,сем,1080
Ср,1,120373,лек,293
Пн,3,251858,сем,808
Пт,5,40172,лек,792
Вт,2,270303,лек,435
Сб,4,211720,лек,1990
Пн,5,270123,сем,806
Пн,1,291844,сем,115
Чт,6,300890,лаб,1285
Чт,8,161773,лек,1002
Пт,6,161212,лаб,468
Пн,2,250689,лаб,1539
Пн,9,200640,сем,1983
Вс,4,131884,лаб,267
Пн,5,131903,лаб,1517
Ср,8,230773,лаб,1206
Вт,5,80322,лек,13
Чт,8,301132,лаб,1678
Вс,10,11904,лек,1826
Чт,1,290206,лек,868
Пн,5,181909,лек,1093
Вс,7,220401,сем,407
Пт,1,150963,лек,1298
Пн,7,300488,сем,1862
Пн,10,280941,лаб,1581
Вт,7,70953,лек,900
Ср,7,141570,лаб,1171
Чт,4,270404,сем,684
Сб,7,30882,лаб,710
Пт,8,170149,сем,662
Пт,9,291087,сем,1363
Пт,5,162063,лек,201
Сб,1,241665,сем,391
Ср,4,121371,лек,783
Пт,8,80647,сем,945
Пн,3,120831,сем,1207
Пн,8,210612,лаб,1743
Ср,6,150129,лаб,1468
Пт,10,141364,сем,1062
Вт,9,301324,сем,1787
Вс,1,180821,лек,1156
Ср,5,101262,лаб,233
Вс,2,260233,лаб,1264
Пт,6,71110,лек,1647
Ср,5,121301,сем,676
Вс,2,210247,лек,1748
Вт,3,101072,лаб,434
Сб,7,291302,лаб,1672
Вт,5,180523,лек,1223
Пн,2,61259,лаб,416
Чт,8,100258,сем,1290
Вт,3,121876,сем,1767
Вт,10,242014,лаб,647
Чт,2,10922,лек,1419
Сб,10,191651,лаб,1078
Вт,6,241572,лаб,710
Пн,7,230456,лек,1347
Пт,7,231264,лек,639
Сб,6,301857,лаб,513
Пн,5,81152,лек,1120
Вт,8,181087,лаб,1838
Пт,9,131574,лек,1627
Чт,1,61685,лек,695
Вт,5,101047,лек,704
Вт,5,50380,лаб,1050
Сб,3,110955,лек,693
Сб,3,100136,лаб,1222
Пт,9,230158,лаб,1036
Пн,2,211055,лаб,1131
Пн,5,222061,лаб,1386
Вс,9,31804,лек,223
Вс,6,22005,лаб,252
Вт,4,170170,лек,1454
Сб,6,161842,лаб,1899
Вс,10,241130,сем,35
Вс,2,31135,лаб,1910
Пт,9,192043,сем,1189
Чт,9,31436,лаб,811
Пн,10,80473,сем,32
Вс,5,21788,сем,1269
Вт,1,270761,сем,1846
Ср,3,281527,сем,867
Чт,4,121756,сем,1380
Сб,5,251089,сем,320
Пт,9,251331,лек,759
Вс,8,121841,лаб,1075
Ср,1,240613,лек,703
Пн,10,101550,лаб,75
Ср,4,241252,лек,424
Вс,2,180738,сем,1130
Ср,9,300946,лаб,346
Ср,2,300942,лаб,1005
Сб,6,180146,сем,1471
Ср,3,101166,лек,1347
Вс,7,220153,лаб,902
Сб,4,211416,сем,627
Ср,9,60854,лек,1062
Сб,5,271731,лаб,1073
Чт,2,241449,лек,1596
Пт,2,110610,сем,1605
Пн,4,170615,лек,1584
Чт,1,210304,сем,727
Чт,1,240860,сем,1145
Ср,8,220560,лаб,618
Чт,1,181462,лаб,1894
Вт,3,161074,лаб,557
Вс,5,101218,лаб,1647
Чт,8,131885,лаб,854
Вс,7,41487,лаб,908
Вт,6,31612,сем,792
Сб,5,241959,лаб,751
Пт,8,281821,сем,540
Сб,5,230756,сем,341
Сб,10,200580,сем,758
Вс,5,50204,лаб,667
Ср,3,11588,лек,125
Вт,6,300828,лаб,399
Пн,4,301315,лек,426
Пн,3,261533,лаб,1088
Ср,1,152050,лаб,1933
Вт,6,40579,лек,558
Ср,4,270546,сем,1469
Вт,9,212079,лек,1805
Вт,7,121412,лаб,612
Пт,9,111371,лаб,712
Чт,6,180464,лаб,76
Вт,5,80614,сем,1802
Сб,10,240758,лаб,1476
Ср,2,50347,сем,132
Пн,3,231025,лаб,873
Вс,1,60750,сем,1573
Чт,10,230339,лаб,1100
Сб,4,160926,сем,892
Чт,7,141976,лек,5
Пт,8,281467,лек,431
Вт,8,81420,сем,1088
Пн,5,71281,лек,1788
Сб,3,290143,лек,101
Ср,8,160362,лаб,878
Сб,6,81912,лек,1570
Пн,1,190309,лек,1913
Чт,8,10435,лек,864
Вс,9,90536,сем,1925
Ср,3,280746,лек,761
Пт,10,151181,лаб,695
Вс,10,190146,сем,1560
Сб,1,260136,лаб,121
Пт,10,211101,лек,950
Сб,5,120166,лек,243
Чт,7,12056,лек,1448
Чт,9,290546,лек,969
Ср,6,10837,лек,1224
Вс,7,161237,лек,1974
Вт,9,140644,лек,1476
Ср,5,291451,сем,1585
Пн,8,191067,сем,1010
Ср,9,100405,лек,1465
Сб,9,10443,сем,351
Ср,10,101149,лек,760
Ср,8,241201,сем,1570
Сб,3,161081,лек,52
Сб,3,160617,сем,1875
Пт,10,160487,лек,1454
Сб,4,211105,сем,403
Вс,9,141020,лаб,1729
Пн,3,190432,лек,730
Чт,10,121789,лек,1656
Пн,6,61154,лек,151
Вт,5,212032,сем,697
Ср,4,81924,лаб,876
Пт,8,121330,лек,413
Чт,6,70320,лаб,673
Пн,3,41715,лек,212
Чт,8,250544,сем,1826
Сб,9,130305,лек,295
Вс,6,231205,лаб,1732
Пт,1,161157,лек,1463
Сб,3,91917,лаб,1340
Сб,10,271080,сем,528
Сб,4,280668,лаб,1714
Пн,5,280176,лаб,1310
Сб,10,130248,лек,769
Пн,9,250368,лаб,266
Чт,7,281758,сем,1953
Чт,3,81866,лек,559
Вс,1,181371,сем,1856
Пн,6,262048,сем,548
Пн,3,40122,лаб,1312
Чт,3,61839,сем,992
Ср,8,80851,сем,964
Вс,1,10466,сем,1287
Сб,8,141321,лаб,308
Сб,10,41352,лек,646
Вс,8,231074,лаб,1708
Ср,2,41583,лаб,984
Сб,4,91589,лаб,62
Пт,4,50733,лаб,1701
Пт,10,240560,лаб,151
Пн,10,191418,сем,1893
Пт,7,40249,сем,725
Вс,8,91373,лаб,1287
Вс,8,70246,лаб,1223
Пт,5,191340,сем,856
Пт,2,160341,лек,561
Пт,3,51620,лек,1883
Вс,2,161124,сем,1726
Пн,2,111380,лек,1417
Ср,6,70765,лек,1586
Вс,10,220601,лек,1516
Вс,4,61710,лек,1594
Пн,9,110458,лек,127
Сб,9,121626,лек,605
Вс,6,250445,лаб,874
Пт,5,291630,лек,1526
Пн,9,130958,сем,160
Сб,9,131207,лек,1481
Ср,10,180820,лек,1474
Пн,10,230663,лаб,1027
Вт,8,231529,лек,1465
Ср,3,61670,сем,777
Пт,1,201218,лаб,1721
Чт,4,31677,лек,169
Сб,7,181302,сем,833
Ср,4,130875,лек,1079
Пт,8,201578,лаб,1555
Вс,4,141736,сем,1534
Вс,3,271721,лаб,1738
Вс,1,30771,сем,269
Ср,10,240301,лек,1351
Сб,6,300907,лек,67
Пн,2,170835,лек,1647
Пт,8,231721,лаб,827
Вс,2,41556,лаб,1523
Ср,9,270683,сем,1116
Вс,2,211132,лаб,117
Ср,5,51441,лек,308
Пн,4,301280,лек,1023
Сб,10,11787,лек,1759
Сб,5,31881,лек,245
Вс,4,100787,сем,450
Пт,5,180621,лаб,190
Чт,9,121449,сем,1682
Пт,5,160459,лаб,1153
Ср,4,40559,лек,1371
Чт,2,151283,сем,10
Сб,1,241882,сем,538
Чт,10,251146,лек,1265
Вт,2,130277,сем,777
Пн,9,70446,лаб,1946
Пн,8,220183,лаб,186
Сб,8,210488,лек,706
Пт,10,220269,лаб,530
Вт,10,31146,лек,359
Вс,7,290972,лек,1162
Пн,10,200621,лек,418
Пт,6,140940,лаб,530
Ср,4,90519,сем,337
Ср,9,31063,лек,1391
Вс,7,182087,лаб,831
Сб,1,161175,лаб,1931
Пн,6,21358,лаб,584
Вт,3,101270,сем,943
Вт,5,50876,лек,1030
Чт,6,50412,лаб,60
Пн,7,90880,сем,986
Пн,8,290331,сем,1159
Чт,9,221221,лек,1894
Чт,9,270415,лек,765
Пн,8,281774,сем,1019
Вт,9,41369,лаб,1787
Чт,10,131750,лаб,200
Вт,8,32027,лаб,629
Чт,10,120819,сем,622
Вс,10,31155,сем,1082
Вт,7,221452,сем,1807
Вс,2,111875,лек,1551
Пт,8,60409,лек,872
Пн,5,230827,лаб,398
Ср,1,10764,лаб,1131
Чт,5,291058,лек,1776
Пн,8,61280,лаб,321
Ср,5,91520,лек,626
Пт,6,20255,лаб,196
Пт,7,40619,лаб,1391
Пн,10,71533,лек,643
Сб,10,21490,сем,952
Ср,8,141746,сем,1027
Сб,4,191775,лек,1679
Вс,5,140332,сем,459
Вс,4,20950,лаб,980
Чт,3,100748,сем,1410
Вс,8,121054,лек,168
Вс,6,150456,сем,1006
Вс,6,121061,лаб,1311
Чт,10,281785,лаб,704
Пн,10,41572,сем,145
Чт,2,101402,сем,1811
Вс,2,101328,лек,1491
Пт,5,150676,лек,618
Чт,10,11857,лаб,905
Вс,9,170116,лаб,1350
Пн,9,261304,лек,599
Пн,1,90766,сем,973
Чт,1,31367,лаб,278
Вс,1,170283,лаб,504
Ср,4,40902,лек,574
Чт,9,111628,сем,897
Пн,5,21776,лаб,1952
Сб,8,220186,лек,1621
Сб,8,210980,сем,1337
Сб,4,21579,лаб,110
Вт,7,70814,лек,404
Пт,8,161159,сем,863
Вс,5,181731,сем,1929
Чт,1,231290,сем,1733
Сб,2,11485,сем,1009
Сб,9,71866,лаб,185
Вт,1,252011,сем,623
Пн,5,152049,сем,1469
Ср,1,51622,лек,1861
Сб,7,110769,лек,105
Пт,9,251458,лек,1228
Пт,7,201967,лаб,1949
Вт,10,301481,сем,543
Пн,4,281971,лек,558
Сб,1,190988,лек,257
Вс,7,221553,лаб,1184
Вт,3,21548,сем,866
Пн,4,31275,лек,997
Ср,6,21219,лаб,1922
Вт,1,240413,лаб,318
Вс,8,11432,сем,1685
Вт,8,101951,лаб,548
Пт,8,291822,лек,1649
Вс,3,220558,сем,59
Сб,6,151420,лаб,832
Вт,6,181360,лек,506
Сб,10,271057,лаб,834
Пн,5,251840,сем,1019
Сб,10,241918,лек,1112
Пт,9,271487,сем,1843
Ср,1,180801,лек,1888
Пн,10,170687,сем,80
Чт,2,50538,лаб,584
Вс,9,201457,лек,1736
Пн,2,71829,лек,242
Вт,2,291646,лаб,1889
Ср,6,280767,сем,888
Ср,4,61276,лек,920
Пт,6,220219,сем,1710
Вт,9,91927,лаб,671
Вт,6,61937,лек,1282
Ср,4,190678,лаб,195
Ср,2,10258,лек,1446
Вт,4,161506,сем,631
Чт,9,101747,лек,655
Вт,7,190370,лек,864
Вс,8,162014,лек,1971
Сб,3,210704,лаб,1708
Сб,10,242016,сем,1886
Вт,4,241782,лек,319
Сб,7,160863,сем,1149
Вс,2,70361,лек,1880
Вт,10,150370,лаб,260
Вт,8,211836,лаб,427
Сб,4,71275,лаб,1030
Чт,6,140128,сем,191
Чт,10,241761,лаб,822
Сб,5,21953,сем,536
Сб,8,240522,лаб,1137
Ср,3,71908,лек,736
Вс,2,191519,лаб,493
Вт,3,271233,лаб,681
Ср,5,210772,лек,983
Вт,2,170265,лаб,627
Сб,8,110622,лаб,195
Вс,7,141553,лек,1081
Ср,9,250139,лек,1018
Чт,1,210535,лаб,1334
Вт,1,301474,лек,605
Пт,2,170920,сем,1751
Сб,10,80950,лаб,1600
Ср,3,281516,сем,339
Пт,1,10570,лаб,1154
Пн,7,180519,лаб,822
Вс,2,211829,лаб,692
Пн,2,161950,сем,1222
Вс,4,90447,сем,247
Пт,4,290744,сем,1009
Вт,10,181118,сем,1467
Чт,1,121202,сем,1725
Пн,7,20727,лаб,1169
Чт,1,140333,лаб,530
Чт,4,140403,лек,1939
Сб,10,181016,лаб,184
Чт,5,200657,сем,1612
Вс,9,301081,сем,1588
Чт,8,70787,сем,771
Чт,3,300843,лек,1155
Вт,6,100359,лаб,651
Вс,2,41208,сем,592
Пт,6,171059,лаб,435
Пт,8,221880,лек,49
Сб,8,300628,сем,1903
Пн,3,131866,лек,1941
Вт,1,40477,сем,1776
Пт,4,301468,лек,1877
Ср,1,90535,сем,732
Сб,5,130761,сем,1566
Вт,3,91479,лек,910
Вс,2,251034,сем,1227
Вт,2,50519,лек,434
Пт,2,171062,лек,438
Ср,8,101768,лек,1697
Сб,10,151489,сем,1161
Ср,10,81729,сем,36
Чт,8,40960,лек,512
Вс,5,141616,лек,1963
Пн,2,70730,сем,1025
Вс,7,121106,сем,1406
Пн,3,300343,лек,929
Вт,3,291948,сем,42
Ср,8,222084,лаб,1462
Ср,7,131832,лаб,128
Вт,10,111024,лаб,190
Ср,3,291112,сем,779
Вс,6,260435,лаб,916
Сб,4,171461,лаб,1844
Вт,9,50203,лаб,28
Чт,2,20114,сем,1705
Пн,9,61564,сем,1390
Чт,7,131360,лаб,1421
Сб,4,51390,лек,556
Пт,9,181389,сем,1980
Пн,3,91314,сем,1283
Ср,1,251136,лаб,1997
Сб,1,100149,сем,907
Вс,3,12020,лаб,620
Вс,1,141870,лаб,797
Вт,5,161177,сем,1691
Ср,3,130117,лаб,169
Ср,2,171319,сем,684
Чт,10,290903,сем,1042
Чт,7,110769,сем,1765
Пн,1,231262,лек,1215
Чт,9,130769,сем,1336
Сб,10,141881,лаб,761
Чт,8,130709,лек,1326
Ср,7,251409,сем,99
Вт,4,201704,лаб,44
Пн,8,260316,лек,1867
Чт,9,60153,сем,947
Пт,5,180338,лаб,1218
Пт,9,80590,сем,1504
Чт,2,160426,лаб,1793
Пт,2,80920,лек,280
Пт,8,221761,сем,1134
Вс,3,221564,сем,771
Пн,3,260712,лек,1732
Пт,5,211203,лаб,1108
Вс,6,21476,сем,565
Ср,3,51582,лек,63
Сб,3,201737,сем,1004
Вс,4,40186,лек,1405
Вт,8,182081,лаб,77
Чт,10,82029,сем,1114
Ср,7,21532,лек,955
Чт,9,211569,лаб,1944
Чт,4,100669,сем,83
Ср,4,271788,сем,326
Пн,6,30357,лек,331
Пт,6,12041,лаб,1701
Пт,2,101630,сем,485
Пт,1,171136,лаб,1163
Сб,10,71117,сем,312
Вс,6,50747,лек,1504
Пн,10,131702,лаб,341
Вт,2,141512,лек,363
Пт,7,160467,лек,698
Вс,2,280320,лаб,418
Вт,3,272014,сем,1159
Пт,10,91744,сем,628
Чт,6,100176,лаб,1901
Вт,3,171617,сем,628
Вс,3,190135,лаб,8
Ср,9,260302,лаб,1355
Вт,4,191182,лаб,1042
Вс,8,20885,сем,1383
Чт,2,251005,лаб,853
Ср,1,211177,сем,1739
Пн,6,210478,лаб,501
Вт,4,250486,сем,526
Пн,10,61326,лек,485
Вт,2,181745,лек,1795
Чт,1,152065,лаб,404
Вт,4,141790,лаб,738
Пн,6,21522,лаб,863
Чт,5,281611,лек,1360
Пн,8,60230,сем,1744
Пт,6,10522,сем,1884
Пт,7,180490,сем,1090
Сб,1,140404,лек,925
Вт,8,151447,сем,889
Пн,2,262025,лек,1606
Вт,10,280615,лаб,1019
Чт,10,121790,сем,667
Чт,10,150380,лаб,1094
Пт,2,290460,сем,1581
Вс,6,31748,сем,1094
Вт,7,12014,сем,816
Чт,10,51626,лаб,1724
Вс,7,52078,лек,1929
Чт,2,291679,лаб,740
Сб,9,281869,лек,965
Вт,2,51061,лаб,1365
Ср,8,151169,лаб,912
Пн,4,222006,лек,1251
Ср,3,250861,сем,732
Ср,10,161242,сем,1714
Сб,6,160632,сем,664
Вт,9,41741,сем,73
Чт,1,20716,лек,1261
Вт,1,271977,лек,1394
Вс,7,51628,сем,1909
Пт,9,190776,лек,1345
Чт,3,150657,лек,1198
Пн,1,291611,сем,824
Вт,10,230339,сем,716
Пн,5,161253,лек,150
Сб,5,90548,лаб,1792
Вт,5,241946,лек,1329
Пт,1,11230,сем,893
Пн,10,231143,лаб,1312
Сб,8,180606,лаб,1777
Ср,3,31603,лек,459
Пт,3,61633,сем,1455
Ср,3,120354,сем,1971
Сб,7,20907,сем,486
Вт,8,301170,лек,527
Сб,6,131890,лаб,922
Чт,5,90430,лаб,1432
Ср,5,260438,сем,555
Пн,8,131050,лек,1979
Пн,2,51870,лаб,77
Ср,3,241687,лаб,349
Вс,9,170524,лек,798
Ср,3,41926,сем,523
Пт,9,41757,лек,398
Вт,9,80807,лек,1811
Вт,1,181423,лек,1883
Вс,7,261215,лек,1280
Ср,2,242072,сем,672
Пт,8,280710,лек,1459
Вт,7,250670,сем,1207
Сб,10,181378,лаб,1017
Чт,4,72007,лаб,85
Пн,8,111264,лек,655
Пн,3,211444,сем,1615
Вт,10,131083,лаб,47
Пт,4,130839,сем,1712
Сб,9,201080,лек,269
Вт,8,30949,сем,48
Вт,3,131513,сем,1883
Вт,9,231316,лаб,1364
Сб,3,71150,лек,859
Вт,5,282056,лаб,1659
Сб,6,100369,лек,145
Вс,9,241864,лаб,1285
Вт,4,261637,лек,1896
Сб,4,271060,лаб,1548
Вс,9,170134,лек,371
Сб,2,10566,сем,324
Пн,5,231235,лаб,260
Пн,4,81037,лаб,953
Чт,8,231729,лек,704
Сб,9,90653,сем,928
Чт,1,250346,лаб,1405
Пн,9,261461,лек,1362
Вт,7,200858,лек,247
Сб,8,61767,лаб,323
Вс,5,270726,лаб,150
Сб,1,112033,сем,1698
Сб,2,271451,лаб,733
Вт,10,211720,лек,216
Ср,5,101725,лек,1139
Пт,1,41273,лек,816
Вт,6,120963,сем,285
Чт,8,31502,лек,527
Ср,5,71063,лаб,1069
Вс,5,230639,сем,1869
Пн,1,160402,лаб,836
Чт,2,301120,сем,437
Вт,9,250420,лаб,406
Вт,8,151958,лаб,690
Сб,9,261305,лаб,658
Вс,5,260519,лаб,1230
Вт,3,191226,лаб,1752
Сб,6,20462,лек,925
Чт,1,200611,сем,1374
Вс,3,92089,лек,651
Чт,2,21728,лек,1174
Чт,7,141666,сем,2
Сб,5,280503,сем,873
Вт,5,71925,сем,1406
Чт,7,160774,лаб,168
Ср,7,281270,лаб,519
Вт,7,130749,лек,1264
Чт,1,200929,сем,1801
Вт,4,31443,лаб,893
Ср,9,210650,лаб,1824
Вс,7,90164,лаб,285
Сб,4,160257,лек,1956
Ср,9,151942,сем,1419
Вс,6,291087,лек,1715
Чт,10,280822,лек,1075
Сб,8,251345,сем,1839
Сб,6,80776,лек,1035
Сб,10,181251,лаб,775
Пт,9,50987,сем,1020
Пт,3,71259,лек,682
Вс,8,130152,сем,1707
Пт,10,80472,сем,1444
Вт,1,61780,сем,981
Ср,8,140910,сем,1204
Вт,2,100220,сем,535
Чт,1,70262,сем,433
Сб,7,200848,лаб,1460
Вт,7,42024,сем,614
Ср,8,50766,лек,1931
Пн,4,301301,лек,579
Ср,3,92062,лек,1685
Пт,3,220181,лек,251
Чт,5,21419,сем,1643
Пт,5,30886,лаб,752
Чт,5,100765,сем,559
Пт,10,41444,лек,1425
Ср,1,71121,лек,1192
Ср,5,50918,сем,1760
Вт,10,171460,лаб,288
Чт,9,60445,лаб,906
Вс,8,280147,лек,284
Ср,4,231858,лаб,1718
Сб,2,181657,сем,1072
Ср,1,261939,лек,1689
Ср,2,81018,сем,1923
Чт,2,221247,сем,186
Вс,8,92016,лек,74
Чт,6,290937,лек,1612
Пт,7,240338,сем,805
Пт,1,200551,лаб,522
Вт,6,181378,сем,1390
Чт,10,250905,лаб,135
Пт,3,240901,лаб,713
Ср,9,240811,сем,664
Сб,5,140448,сем,796
Сб,1,121561,лаб,34
Сб,7,220269,лаб,118
Вс,2,211312,сем,248
Сб,7,250564,лек,678
Пт,1,50951,лек,788
Чт,8,130161,лек,1867
Ср,3,160529,лаб,642
Сб,3,171061,лаб,53
Ср,5,270146,лаб,1204
Пн,5,140850,лаб,1188
Пн,10,111474,лек,1826
Чт,5,80642,лек,677
Пн,5,290436,сем,469
Чт,6,60118,лаб,1885
Сб,3,290337,сем,589
Чт,3,230932,лек,1060
Вс,10,271741,лаб,1090
Пт,10,201023,лек,628
Пт,6,110248,сем,930
Пт,5,21987,лек,141
Вс,6,101671,сем,135
Пт,9,300874,сем,434
Чт,9,251917,лаб,1166
Вс,10,40554,лек,1646
Вт,9,80376,сем,696
Пн,4,50275,сем,1066
Чт,6,51662,лек,628
Чт,9,11310,сем,1072
Вс,6,51251,лаб,481
Чт,4,201921,лек,1410
Пн,1,151108,лек,1044
Пт,3,130103,сем,1460
Вс,4,301926,лаб,171
Пт,4,81410,лаб,487
Чт,9,150834,лек,1913
Пн,1,191715,сем,648
Сб,9,50834,лек,867
Сб,4,20911,сем,674
Пн,6,190745,сем,930
Вс,5,232017,сем,1559
Пн,5,182063,лек,1200
Сб,2,261445,лаб,1409
Ср,5,270867,лаб,825
Вт,3,170229,лаб,1816
Вт,2,30489,сем,1924
Ср,3,241064,лек,1180
Сб,3,280387,сем,1224
Вс,1,50463,лаб,1466
Пн,8,141775,лаб,76
Чт,7,281266,лаб,775
Сб,5,200847,сем,1591
Сб,6,132051,лаб,1690
Пн,7,241482,лаб,650
Ср,9,90370,лаб,765
Вс,6,272001,лек,457
Сб,4,210651,лек,835
Пт,9,80530,сем,1603
Пн,5,71415,сем,852
Пн,4,121642,лек,1219
Пт,5,190376,лек,1792
Ср,9,11328,сем,1486
Чт,8,21962,сем,1920
Пт,9,261672,лек,265
Сб,3,110171,лаб,336
Ср,1,70725,сем,154
Пт,10,91115,лек,545
Вт,7,280630,лек,242
Сб,8,190662,лек,1701
Вт,2,90354,лек,1161
Пн,8,211808,лаб,545
Вс,3,260926,лаб,1283
Пт,6,250202,лек,1722
Вс,6,231412,лаб,1820
Вс,8,190760,лек,896
Вс,2,81952,лек,17
Вс,7,90827,лек,1368
Пн,8,191520,сем,264
Ср,2,11841,лаб,481
Пт,1,201123,сем,1470
Пн,5,291315,сем,1560
Пт,10,81162,лаб,1668
Пн,6,131048,лек,204
Вс,7,80614,лек,1169
Чт,1,151255,сем,1519
Сб,8,300356,лек,930
Пт,4,100668,лаб,1637
Пн,6,251409,лаб,1910
Вт,4,132011,лек,1079
Вс,1,160471,лаб,1750
Вт,9,181724,сем,423
Чт,7,191112,лек,1595
Ср,1,91881,лек,1964
Вт,6,141953,лек,1352
Пн,4,152003,лаб,384
Чт,4,51029,сем,180
Вс,7,51353,лаб,1043
Пн,10,80564,лаб,1166
Пн,10,130815,лек,1032
Вс,3,91357,сем,930
Пт,4,41278,сем,1705
Чт,10,240582,лек,1878
Вт,7,191972,сем,1334
Пн,8,192004,лек,1819
Чт,8,90684,лек,676
Вт,2,80164,лаб,1183
Пн,1,90855,лаб,1613
Вс,7,301802,сем,1750
Вт,4,260943,лаб,1696
Вт,5,210921,лек,1947
Пн,5,250752,лек,160
Вт,1,270629,лаб,224
Ср,7,142088,сем,560
Вт,9,110302,лаб,1116
Вт,8,270980,лаб,316
Вс,4,132087,сем,875
Сб,5,100776,лек,309
Сб,10,31115,сем,755
Пн,4,91884,сем,792
Сб,3,290679,лаб,1895
Пт,4,180452,лек,1767
Чт,7,171077,сем,1556
Пн,1,100505,сем,521
Вс,10,10506,лаб,1122
Пн,6,261103,сем,308
Чт,7,151136,сем,835
Сб,9,111369,лек,1734
Вс,10,271263,сем,1094
Вс,5,291162,лаб,1996
Ср,3,221404,лаб,682
Сб,9,190177,сем,1405
Вт,9,261422,сем,1951
Вт,3,221361,лек,616
Пн,8,62055,сем,1646
Сб,4,161502,лаб,364
Вс,5,90872,лек,1597
Сб,5,112045,лек,657
Пн,8,90853,лек,1419
Пн,4,251542,лаб,948
Вт,7,190862,сем,1098
Чт,7,140986,сем,897
Вс,7,201325,лек,996
Ср,2,162087,сем,398
Чт,2,200469,сем,1152
Вс,8,32054,лек,1466
Вт,10,281717,сем,1922
Сб,3,250604,лаб,1419
Ср,10,131281,лек,154
Пт,7,280822,лек,1297
Ср,10,262047,лек,50
Чт,3,40872,лаб,1804
Ср,4,281039,лаб,1060
Чт,8,81481,сем,932
Пт,4,281746,сем,454
Ср,8,10230,лек,796
Чт,5,231943,лек,1411
Вт,8,101388,лаб,510
Вс,7,101312,сем,315
Пн,10,110465,лек,1428
Пт,3,90427,сем,1319
Вс,7,51181,лек,1260
Пт,4,131414,сем,1712
Чт,2,300652,лек,1509
Вс,1,20901,лек,1704
Пн,2,81636,лек,357
Ср,9,231018,лек,1870
Пн,9,91975,сем,452
Сб,3,290855,лаб,142
Вт,5,231838,лек,1582
Вс,4,21714,сем,1706
Пн,4,261906,сем,962
Вт,10,111120,лек,1510
Чт,5,200586,сем,1853
Сб,1,301917,сем,1829
Вт,3,20450,лаб,984
Ср,7,290317,лаб,1364
Пт,4,11017,сем,1995
Ср,8,151977,лаб,467
Ср,2,130856,лаб,1067
Ср,1,101930,сем,125
Пт,5,70425,лек,1975
Пт,1,261223,сем,775
Ср,8,140316,сем,868
Пн,4,241320,лаб,1563
Вт,2,291989,лек,1594
Пт,5,141336,лаб,1487
Пт,4,171136,лаб,984
Вт,5,81849,лек,1265
Пт,3,151433,лаб,1510
Чт,6,121377,сем,772
Пт,5,62027,лаб,9
Пн,6,221945,лаб,423
Вт,9,10517,лаб,1742
Сб,9,210160,лек,639
Пт,7,300451,лек,556
Вс,5,41260,лек,739
Сб,10,240518,сем,1478
Пт,1,190653,сем,1664
Чт,2,190825,лек,291
Сб,8,210939,лаб,419
Чт,6,280385,сем,881
Вт,1,250410,сем,533
Вт,3,271985,лек,138
Ср,1,260387,лек,812
Вс,7,41184,лек,953
Ср,2,241939,сем,1910
Пн,9,61768,лаб,501
Вт,7,101069,лек,1488
Пт,9,121458,сем,1824
Сб,9,160349,сем,1731
Вс,4,30615,лаб,1720
Пт,8,250384,лек,1430
Сб,7,181128,лек,1733
Вс,6,12019,лаб,1385
Пн,3,300130,лек,45
Вс,9,40478,лек,1532
Ср,9,121728,сем,1709
Вт,3,81463,сем,1904
Ср,10,120629,лаб,81
Вт,1,300942,лаб,408
Вс,4,220931,лек,1089
Чт,7,21716,лаб,1597
Вс,5,261666,лаб,175
Пт,7,181685,сем,205
Вс,5,50639,сем,1878
Ср,6,180814,лек,1051
Ср,7,241774,лаб,1108
Сб,3,260171,лек,62
Пн,6,211065,лаб,1743
Вт,6,181272,лаб,1220
Сб,1,141553,лек,1596
Чт,5,170510,лек,1910
Чт,4,21541,лек,1652
Вт,9,290725,лаб,1811
Вт,10,101474,сем,109
Сб,5,70412,сем,1489
Чт,4,200882,лек,1724
Вс,10,11614,лаб,389
Вс,5,200371,лек,569
Пт,6,21870,лаб,658
Сб,3,121403,лаб,1193
Чт,9,250569,лек,1286
Вс,6,201579,лек,1448
Чт,2,161457,лаб,1739
Пт,5,180176,сем,532
Вс,9,260826,лек,646
Чт,10,250979,лек,912
Чт,7,250290,лаб,1120
Сб,3,250703,сем,199
Пт,10,120722,лек,529
Вс,10,280307,лек,1751
Пн,8,171169,лек,815
Пн,4,62083,лаб,168
Сб,8,271842,сем,149
Вт,6,120416,лаб,1851
Ср,3,210870,лек,621
Вт,8,210865,сем,983
Пн,2,30645,лек,1124
Вт,4,230308,лаб,1967
Ср,4,81340,сем,20
Ср,1,231386,лаб,304
Ср,4,160105,лек,1255
Пн,6,30605,лек,437
Вт,3,90414,лек,176
Пн,1,150453,сем,1053
Вс,9,190727,лек,234
Ср,3,291339,сем,1424
Пт,4,21716,лек,1780
Вт,6,20441,лек,1110
Пт,2,91806,сем,130
Пн,3,50638,лаб,1681
Пн,1,80152,лаб,1801
Вс,5,221857,сем,1597
Сб,2,30963,лаб,367
Вс,7,21201,сем,451
Пн,5,20637,сем,814
Пт,9,151788,лаб,479
Сб,5,130962,сем,98
Пн,9,290480,сем,300
Сб,10,131468,сем,1900
Пн,4,122019,сем,868
Чт,7,211982,лаб,622
Вт,5,41682,лек,1696
Вс,1,270423,лек,1265
Пт,4,32038,лек,1794
Ср,3,232007,лек,699
Вт,10,221130,сем,380
Вт,9,260647,сем,1201
Пн,7,281504,лаб,1214
Чт,6,41667,лаб,811
Вс,2,21301,лаб,1225
Пт,2,141515,лаб,1057
Пн,6,51809,сем,677
Ср,2,50722,сем,192
Вс,4,131419,лаб,1935
Вт,7,191721,сем,1767
Пн,10,181549,лек,575
Чт,10,280368,сем,1394
Вт,8,41209,сем,479
Вт,8,260913,лек,1574
Вт,2,270103,лаб,583
Вс,6,230206,сем,1262
Ср,2,121457,лаб,601
Пн,4,231549,сем,1206
Пт,6,250112,лаб,986
Сб,10,41121,лаб,368
Вс,4,161356,лек,725
Вт,1,251110,сем,1488
Пн,8,291246,сем,285
Чт,4,281959,лаб,61
Пн,5,121965,лек,482
Пн,5,30274,лаб,1265
Пт,4,121247,сем,1117
Пн,9,120329,сем,1752
Пн,5,20989,лаб,1347
Сб,7,251312,лек,1766
Пн,7,271532,лаб,600
Ср,8,120618,лаб,1801
Пн,5,210847,лек,586
Чт,1,30411,сем,1316
Чт,2,41417,лек,783
Вт,7,101812,сем,1548
Вт,10,71463,сем,1271
Чт,3,120906,лек,1552
Сб,8,151139,лек,440
Вс,8,200478,лаб,385
Пн,7,131242,лаб,934
Вс,9,20427,лек,176
Сб,6,271831,лек,1180
Пн,9,160566,лек,625
Вт,10,231201,сем,744
Вс,3,71315,сем,1190
Пн,5,131047,сем,426
Вс,9,251319,лаб,1460
Вс,3,170809,лек,1230
Пн,10,230238,лаб,1627
Чт,10,151757,лек,1847
Пт,8,151761,сем,1426
Пн,8,81985,сем,1614
Ср,5,151137,лаб,943
Сб,7,260239,лек,1659
Вс,9,100756,лаб,881
Чт,7,10677,лек,603
Вс,7,90689,сем,983
Ср,6,140325,лек,1702
Вт,6,180419,сем,1615
Вс,3,250707,лаб,1634
Вт,5,81063,лек,375
Пн,8,91976,лек,1979
Пт,1,241969,лек,131
Пн,9,231813,сем,1173
Пт,4,250758,лек,98
Пт,1,200381,лек,1418
Пн,2,301864,лек,1070
Вт,5,60167,лаб,1694
Вт,5,10651,лек,1987
Вт,9,111408,лек,805
Пт,10,110227,лаб,835
Пн,9,211166,лек,507
Вт,1,201973,лек,144
Вс,3,111286,сем,991
Пт,1,162074,сем,1757
Чт,10,201855,лаб,1078
Вт,6,170804,лек,1100
Ср,10,51136,сем,465
Чт,5,20234,лаб,1272
Ср,8,171027,лаб,582
Вс,5,271236,лаб,1875
Вс,7,290513,сем,100
Ср,2,121388,сем,288
Пт,2,161482,лек,1979
Пн,6,91253,сем,505
Пт,4,110479,лек,1783
Ср,5,71884,лек,1970
Ср,8,81387,сем,1828
Пт,7,70587,лек,1340
Сб,4,271925,сем,46
Вт,2,100236,сем,281
Вт,4,80170,лек,248
Ср,1,81147,лаб,865
Чт,9,112033,лек,435
Ср,7,70440,сем,712
Чт,4,201467,сем,788
Пн,5,42047,лаб,985
Ср,6,71238,сем,877
Вс,4,21489,лаб,1183
Вс,3,281170,лаб,437
Вс,1,150803,лек,868
Чт,9,200661,сем,122
Пт,3,291753,лаб,682
Сб,1,232037,сем,949
Чт,4,180261,лаб,623
Пт,1,281357,лаб,312
Ср,9,191276,сем,1563
Чт,8,140285,лаб,533
Сб,2,151445,лек,732
Пн,2,300539,лаб,1017
Пт,3,140264,лек,960
Чт,8,61570,лек,31
Ср,9,141101,лек,5
Вс,7,301765,сем,1805
Сб,2,120865,лек,769
Вт,1,50550,лаб,1079
Чт,8,290363,лек,1835
Сб,7,112069,сем,155
Пн,1,120947,лек,662
Чт,7,230365,лаб,70
Чт,2,141784,лек,1
Вт,10,151242,сем,40
Пн,1,250484,лаб,224
Сб,2,91444,лек,1076
Пн,5,140561,сем,1905
Пн,1,260203,сем,168
Пн,2,121054,сем,1850
Сб,5,141480,лек,775
Пн,1,192027,сем,903
Пт,5,191507,сем,542
Вт,2,51669,лаб,1307
Вс,5,110132,лек,155
Вт,5,20480,лек,1388
Ср,3,100735,лек,1500
Вт,6,190467,сем,1077
Чт,4,131019,лек,1367
Чт,6,151961,лек,1914
Ср,2,50230,лаб,1037
Вт,4,40163,сем,34
Чт,4,251972,лаб,4
Пн,10,270883,сем,1038
Пт,10,110390,лек,864
Ср,7,260637,лек,1112
Чт,8,261374,сем,917
Вт,7,250752,лек,1056
Пт,4,161672,лаб,856
Сб,10,191860,лаб,812
Вс,1,140737,сем,485
Ср,10,251572,сем,737
Сб,4,90264,сем,537
Сб,1,260538,лаб,1088
Сб,8,161606,лек,981
Ср,6,151015,лаб,1707
Пн,2,281502,сем,1387
Пт,4,91290,лек,772
Сб,7,291309,сем,1133
Пн,8,241506,сем,1561
Вс,2,200478,лек,917
Вт,3,111061,лаб,760
Чт,6,230511,сем,903
Вт,8,60936,сем,448
Вс,5,92046,лаб,41
Ср,1,111907,сем,76
Пн,1,160803,лаб,1462
Чт,3,171775,сем,1889
Чт,6,231302,лек,1417
Ср,7,40757,лек,802
Чт,8,180459,лаб,510
Вт,10,161231,лаб,1732
Ср,5,10487,лаб,619
Вс,7,111384,лек,1025
Пт,4,141083,лек,853
Пн,6,260870,лек,1253
Чт,3,231277,лек,197
Ср,1,170622,сем,877
Вс,2,111577,сем,1781
Чт,5,131051,лек,991
Пн,6,61260,лек,402
Пн,8,200332,лаб,1796
Сб,6,21508,лек,267
Ср,2,242048,сем,857
Пт,5,42068,лаб,519
Вс,2,160487,сем,1131
Пн,3,120709,сем,1122
Вс,10,250679,лек,1520
Пт,5,82087,лек,1853
Ср,3,220122,сем,1005
Пт,2,180756,лек,1239
Пн,5,171423,сем,1004
Чт,3,150678,сем,978
Сб,10,270661,лек,1433
Чт,4,130562,лек,227
Вс,1,220518,лек,1519
Вс,3,200622,лек,289
Вт,6,152024,сем,1758
Вс,10,220238,лек,741
Вт,4,191211,лаб,87
Вт,10,51252,лаб,161
Чт,1,21989,сем,1833
Чт,10,212022,сем,1275
Чт,1,40680,лаб,614
Сб,7,41902,лек,898
Пт,10,121109,лаб,1143
Чт,2,221044,сем,1261
Пт,2,301764,лек,442
Пн,4,201955,лаб,302
Вс,3,120416,лаб,960
Чт,6,160476,лек,485
Пн,9,162037,сем,1250
Вт,6,71345,лаб,714
Чт,6,181585,сем,1604
Сб,7,100828,лаб,718
Вт,9,60348,сем,995
Сб,6,241629,сем,176
Вт,4,160109,лаб,165
Ср,4,270770,сем,1720
Сб,1,260853,сем,1479
Пн,9,261402,сем,1604
Пт,10,150655,сем,579
Ср,4,221616,лаб,1914
Вт,3,260522,сем,1708
Вт,1,140327,лек,737
Вс,2,151329,лек,1974
Вс,7,130387,лек,1093
Вс,7,60859,лаб,620
Пн,3,52083,лек,377
Сб,5,151947,сем,39
Пт,4,270645,лаб,527
Вс,7,280437,лаб,1645
Вс,10,230990,лаб,1940
Чт,8,240724,сем,1603
Вт,6,80129,лек,777
Пн,10,231642,лек,1066
Пт,8,290479,лаб,325
Пт,2,230613,сем,1931
Вс,10,140733,сем,1585
Ср,9,231752,сем,349
Ср,5,151662,лек,1634
Вт,4,80767,лаб,984
Сб,10,290365,лек,1329
Пн,2,251238,сем,969
Пт,7,211134,сем,1382
Вс,8,250947,лек,378
Пт,3,142064,лек,1484
Чт,6,21021,лаб,1245
Пт,8,80816,лек,915
Вт,5,180713,сем,825
Пт,2,11326,сем,734
Сб,7,171444,лаб,278
Пт,8,271973,лек,1279
Вт,9,151645,лаб,1549
Сб,5,100485,лек,1962
Сб,5,40750,лек,1445
Сб,10,260282,лаб,364
Вс,5,80511,лаб,1738
Ср,7,270784,сем,682
Пн,6,71135,лек,1481
Ср,7,60336,сем,819
Вт,1,240904,лек,94
Вс,10,61581,лаб,1028
Пн,7,50260,лаб,530
Вс,1,101914,лек,59
Чт,8,161442,сем,806
Вт,4,220432,сем,972
Сб,10,81077,сем,1624
Вт,4,70855,лаб,40
Вс,3,230801,лаб,1849
Сб,2,161754,лаб,111
Ср,10,101172,лек,37
Пн,2,240168,лек,1646
Вт,10,21606,лаб,1417
Вт,10,170445,сем,1836
Чт,9,160872,лаб,500
Сб,9,20549,лек,850
Вт,8,260788,лек,1865
